{
  "timestamp": "2026-01-23T12:25:20.513340",
  "models": {
    "GKP": {
      "cleansheet": {
        "recent_team_xga": 27.87286063569682,
        "selected_by_percent": 13.514114247610582,
        "recent_saves": 13.358524116470328,
        "recent_goals_conceded": 12.913980884641033,
        "now_cost": 12.091575905756835,
        "recent_form": 9.891086908201823,
        "is_home": 4.089797732829518,
        "recent_clean_sheets": 3.9342076016892644,
        "opponent_strength": 1.9337630584574348,
        "recent_penalties_saved": 0.40008890864636587
      },
      "legacy": {
        "recent_team_xga": 26.753022452504315,
        "recent_saves": 15.181347150259066,
        "recent_form": 15.043177892918823,
        "selected_by_percent": 12.124352331606218,
        "recent_goals_conceded": 11.778929188255614,
        "now_cost": 9.499136442141623,
        "recent_clean_sheets": 4.162348877374784,
        "is_home": 2.6943005181347153,
        "opponent_strength": 1.7443868739205528,
        "recent_penalties_saved": 1.0189982728842832
      }
    },
    "DEF": {
      "goal": {
        "recent_team_xga": 19.2,
        "recent_influence": 15.977777777777776,
        "selected_by_percent": 14.799999999999999,
        "recent_threat": 12.911111111111111,
        "now_cost": 12.555555555555555,
        "recent_form": 8.466666666666667,
        "recent_goals_conceded": 8.244444444444445,
        "recent_assists": 2.0888888888888886,
        "is_home": 1.8222222222222224,
        "recent_clean_sheets": 1.7555555555555558,
        "recent_goals_scored": 1.3111111111111111,
        "opponent_strength": 0.8666666666666666
      },
      "assist": {
        "recent_influence": 16.977777777777778,
        "recent_team_xga": 16.955555555555556,
        "selected_by_percent": 12.8,
        "recent_threat": 12.511111111111111,
        "recent_form": 12.044444444444444,
        "now_cost": 11.71111111111111,
        "recent_goals_conceded": 7.822222222222222,
        "recent_clean_sheets": 2.711111111111111,
        "is_home": 2.3555555555555556,
        "recent_assists": 1.911111111111111,
        "opponent_strength": 1.4222222222222223,
        "recent_goals_scored": 0.7777777777777778
      },
      "cleansheet": {
        "recent_team_xga": 27.94215795328142,
        "recent_influence": 12.658509454949945,
        "selected_by_percent": 11.368186874304783,
        "recent_threat": 9.833147942157954,
        "now_cost": 9.655172413793103,
        "recent_goals_conceded": 8.987764182424916,
        "recent_form": 8.876529477196886,
        "recent_clean_sheets": 3.159065628476085,
        "is_home": 3.0033370411568407,
        "opponent_strength": 2.7586206896551726,
        "recent_assists": 1.2013348164627364,
        "recent_goals_scored": 0.5561735261401557
      },
      "legacy": {
        "recent_team_xga": 19.466666666666665,
        "recent_influence": 15.616666666666667,
        "recent_threat": 12.666666666666668,
        "selected_by_percent": 11.799999999999999,
        "now_cost": 9.966666666666667,
        "recent_goals_conceded": 9.566666666666666,
        "recent_form": 9.3,
        "recent_clean_sheets": 3.4333333333333336,
        "is_home": 2.3833333333333333,
        "recent_assists": 2.1999999999999997,
        "opponent_strength": 2.183333333333333,
        "recent_goals_scored": 1.4166666666666665
      }
    },
    "MID": {
      "goal": {
        "recent_team_xg": 12.235346556719412,
        "recent_influence": 9.872966347225317,
        "recent_expected_assists": 9.115221751727212,
        "recent_creativity": 8.179184310229552,
        "recent_expected_goals": 8.11232449297972,
        "recent_threat": 8.023178069979942,
        "selected_by_percent": 7.48829953198128,
        "recent_us_npxG_per90": 6.752841542233118,
        "recent_form": 6.708268330733229,
        "recent_us_xA_per90": 6.685981724983285,
        "now_cost": 5.593938043236015,
        "recent_assists": 2.8303989302429238,
        "recent_clean_sheets": 2.518386449743704,
        "opponent_strength": 2.050367728994874,
        "is_home": 1.9389347002451527,
        "recent_goals_scored": 1.894361488745264
      },
      "assist": {
        "recent_team_xg": 12.365831842576029,
        "recent_influence": 10.040250447227193,
        "recent_expected_assists": 9.525939177101968,
        "recent_expected_goals": 9.257602862254025,
        "recent_creativity": 8.698568872987478,
        "recent_threat": 8.228980322003578,
        "now_cost": 7.826475849731664,
        "selected_by_percent": 7.222719141323792,
        "recent_us_xA_per90": 6.484794275491949,
        "recent_form": 6.104651162790697,
        "recent_us_npxG_per90": 5.523255813953488,
        "recent_clean_sheets": 2.8398926654740606,
        "recent_assists": 1.9677996422182469,
        "opponent_strength": 1.721824686940966,
        "is_home": 1.1627906976744187,
        "recent_goals_scored": 1.0286225402504472
      },
      "cleansheet": {
        "recent_team_xg": 19.62658368526339,
        "recent_influence": 9.17981773727495,
        "recent_creativity": 8.046232496110246,
        "recent_expected_goals": 7.446099133140698,
        "recent_threat": 7.068237386085798,
        "selected_by_percent": 6.6681484774394315,
        "recent_expected_assists": 6.645921315847966,
        "recent_us_xA_per90": 6.29028673038453,
        "recent_form": 6.201378084018671,
        "now_cost": 6.112469437652812,
        "recent_us_npxG_per90": 5.579017559457657,
        "recent_clean_sheets": 4.200933540786841,
        "is_home": 2.2671704823294068,
        "opponent_strength": 2.0893531895976882,
        "recent_assists": 1.8004000889086464,
        "recent_goals_scored": 0.777950655701267
      },
      "legacy": {
        "recent_team_xg": 10.966666666666667,
        "recent_influence": 10.75,
        "recent_threat": 10.616666666666667,
        "recent_expected_goals": 9.566666666666666,
        "recent_creativity": 9.5,
        "recent_expected_assists": 9.3,
        "selected_by_percent": 7.066666666666667,
        "recent_form": 6.550000000000001,
        "now_cost": 5.666666666666666,
        "recent_us_npxG_per90": 4.3999999999999995,
        "recent_us_xA_per90": 4.366666666666666,
        "recent_clean_sheets": 3.783333333333333,
        "recent_assists": 2.3,
        "recent_goals_scored": 2.183333333333333,
        "is_home": 2.0,
        "opponent_strength": 0.9833333333333333
      }
    },
    "FWD": {
      "goal": {
        "recent_team_xg": 16.35364177737059,
        "recent_influence": 10.902427851580395,
        "recent_threat": 10.650480989464041,
        "recent_expected_goals": 10.3298213467705,
        "recent_form": 9.803023362345396,
        "recent_expected_assists": 9.207512597343106,
        "selected_by_percent": 9.13879981676592,
        "now_cost": 8.795235913879981,
        "recent_us_npxG_per90": 5.2908841044434265,
        "recent_us_xA_per90": 2.7485112230874944,
        "is_home": 2.0842876775080166,
        "recent_goals_scored": 1.9239578561612463,
        "recent_assists": 1.3971598717361429,
        "opponent_strength": 1.3742556115437472
      },
      "assist": {
        "recent_influence": 14.590347923681257,
        "recent_team_xg": 13.400673400673401,
        "recent_expected_goals": 11.91919191919192,
        "recent_threat": 11.694725028058361,
        "recent_expected_assists": 10.1010101010101,
        "recent_form": 9.225589225589225,
        "now_cost": 6.91358024691358,
        "selected_by_percent": 6.91358024691358,
        "recent_us_npxG_per90": 4.803591470258136,
        "recent_us_xA_per90": 3.322109988776655,
        "recent_goals_scored": 2.087542087542088,
        "is_home": 2.042648709315376,
        "recent_assists": 1.5937149270482602,
        "opponent_strength": 1.3916947250280582
      },
      "legacy": {
        "recent_team_xg": 15.000834306691141,
        "recent_expected_goals": 14.066410812614716,