{
  "timestamp": "2026-01-08T00:35:03.302763",
  "models": {
    "GKP": {
      "cleansheet": {
        "recent_team_xga": 26.033792796798576,
        "selected_by_percent": 14.67318808359271,
        "recent_saves": 13.161405068919521,
        "now_cost": 13.13917296576256,
        "recent_goals_conceded": 12.31658514895509,
        "recent_form": 10.604713205869274,
        "is_home": 4.2685638061360605,
        "recent_clean_sheets": 2.845709204090707,
        "opponent_strength": 2.712316585148955,
        "recent_penalties_saved": 0.2445531347265451
      },
      "legacy": {
        "recent_team_xga": 25.96235373918942,
        "recent_form": 14.804137697134138,
        "recent_saves": 14.702391046294727,
        "recent_goals_conceded": 12.396133627268103,
        "selected_by_percent": 11.819569272511446,
        "now_cost": 9.835509581142954,
        "recent_clean_sheets": 4.697303713752755,
        "is_home": 3.578090554519247,
        "opponent_strength": 1.6109886382906562,
        "recent_penalties_saved": 0.5935221298965575
      }
    },
    "DEF": {
      "goal": {
        "recent_team_xga": 21.022222222222222,
        "recent_influence": 16.400000000000002,
        "selected_by_percent": 13.066666666666665,
        "now_cost": 11.71111111111111,
        "recent_threat": 11.488888888888889,
        "recent_form": 9.666666666666666,
        "recent_goals_conceded": 8.844444444444445,
        "is_home": 2.0666666666666664,
        "recent_assists": 1.6666666666666667,
        "recent_clean_sheets": 1.6444444444444446,
        "opponent_strength": 1.2666666666666666,
        "recent_goals_scored": 1.1555555555555554
      },
      "assist": {
        "recent_team_xga": 17.226050233385195,
        "recent_influence": 16.403645254501,
        "selected_by_percent": 12.625027783951989,
        "recent_form": 12.380529006445878,
        "recent_threat": 12.247166036897088,
        "now_cost": 10.646810402311626,
        "recent_goals_conceded": 7.334963325183375,
        "recent_clean_sheets": 3.000666814847744,
        "recent_assists": 2.711713714158702,
        "is_home": 2.5561235830184486,
        "opponent_strength": 1.4892198266281396,
        "recent_goals_scored": 1.3780840186708156
      },
      "cleansheet": {
        "recent_team_xga": 28.908685968819597,
        "recent_influence": 11.158129175946547,
        "selected_by_percent": 10.935412026726057,
        "recent_goals_conceded": 10.244988864142538,
        "now_cost": 9.53229398663697,
        "recent_threat": 9.198218262806236,
        "recent_form": 8.797327394209354,
        "opponent_strength": 3.363028953229399,
        "is_home": 3.2071269487750556,
        "recent_clean_sheets": 3.1403118040089084,
        "recent_assists": 0.9354120267260578,
        "recent_goals_scored": 0.579064587973274
      },
      "legacy": {
        "recent_team_xga": 18.933333333333334,
        "recent_influence": 15.416666666666668,
        "recent_threat": 13.366666666666665,
        "selected_by_percent": 11.683333333333334,
        "recent_form": 10.016666666666667,
        "now_cost": 9.45,
        "recent_goals_conceded": 9.3,
        "recent_clean_sheets": 3.7666666666666666,
        "is_home": 2.533333333333333,
        "recent_assists": 2.2666666666666666,
        "opponent_strength": 1.866666666666667,
        "recent_goals_scored": 1.4000000000000001
      }
    },
    "MID": {
      "goal": {
        "recent_team_xg": 11.26477805041267,
        "recent_influence": 10.194066473343744,
        "recent_expected_assists": 9.5471782288646,
        "recent_creativity": 9.391032790542047,
        "recent_threat": 8.811064019629713,
        "selected_by_percent": 8.074949810394825,
        "recent_expected_goals": 7.628819986616104,
        "recent_form": 7.182690162837385,
        "recent_us_xA_per90": 5.799687709123355,
        "recent_us_npxG_per90": 5.732768235556547,
        "now_cost": 5.621235779611867,
        "recent_clean_sheets": 2.6990854338612538,
        "recent_assists": 2.6767789426723176,
        "opponent_strength": 2.05219718938211,
        "recent_goals_scored": 1.6952933303591347,
        "is_home": 1.6283738567923267
      },
      "assist": {
        "recent_team_xg": 12.929112795363354,
        "recent_creativity": 10.67766384306732,
        "recent_influence": 9.875167186803388,
        "recent_expected_assists": 9.295586268390549,
        "selected_by_percent": 8.559964333481943,
        "recent_threat": 8.493089612126616,
        "now_cost": 7.489968791796701,
        "recent_expected_goals": 6.732055283102987,
        "recent_form": 5.951850200624164,
        "recent_us_xA_per90": 5.283102987070888,
        "recent_us_npxG_per90": 4.748105216228265,
        "recent_assists": 2.6972804279982165,
        "recent_clean_sheets": 2.2960320998662507,
        "opponent_strength": 1.9393669193045031,
        "is_home": 1.9170753455193936,
        "recent_goals_scored": 1.1145786892554614
      },
      "cleansheet": {
        "recent_team_xg": 21.8,
        "recent_threat": 8.088888888888889,
        "recent_influence": 7.711111111111111,
        "recent_creativity": 7.3999999999999995,
        "now_cost": 7.2666666666666675,
        "recent_form": 6.377777777777778,
        "recent_expected_goals": 6.222222222222222,
        "selected_by_percent": 6.066666666666666,
        "recent_us_xA_per90": 5.711111111111111,
        "recent_expected_assists": 5.577777777777778,
        "recent_us_npxG_per90": 5.577777777777778,
        "recent_clean_sheets": 4.2444444444444445,
        "opponent_strength": 2.6444444444444444,
        "is_home": 2.3555555555555556,
        "recent_assists": 1.9333333333333333,
        "recent_goals_scored": 1.0222222222222224
      },
      "legacy": {
        "recent_influence": 11.15,
        "recent_team_xg": 10.916666666666666,
        "recent_threat": 10.883333333333333,
        "recent_creativity": 10.383333333333333,
        "recent_expected_assists": 10.216666666666667,
        "recent_expected_goals": 8.383333333333333,
        "selected_by_percent": 7.033333333333333,
        "recent_form": 6.65,
        "now_cost": 6.016666666666667,
        "recent_us_xA_per90": 3.833333333333333,
        "recent_us_npxG_per90": 3.8,
        "recent_clean_sheets": 3.3000000000000003,
        "recent_assists": 2.6166666666666667,
        "recent_goals_scored": 1.8833333333333333,
        "is_home": 1.7166666666666668,
        "opponent_strength": 1.2166666666666666
      }
    },
    "FWD": {
      "goal": {
        "recent_team_xg": 15.915985997666276,
        "recent_expected_goals": 12.275379229871646,
        "recent_form": 11.668611435239207,
        "recent_influence": 10.408401400233371,
        "recent_threat": 10.035005834305718,
        "selected_by_percent": 9.171528588098015,
        "recent_expected_assists": 9.148191365227538,
        "now_cost": 7.467911318553091,
        "recent_us_npxG_per90": 3.9906651108518085,
        "recent_us_xA_per90": 2.987164527421237,
        "is_home": 2.4037339556592765,
        "recent_goals_scored": 2.1236872812135354,
        "recent_assists": 1.3068844807467912,
        "opponent_strength": 1.0968494749124855
      },
      "assist": {
        "recent_team_xg": 16.00896860986547,
        "recent_influence": 14.125560538116591,
        "recent_threat": 10.582959641255606,
        "recent_form": 10.044843049327353,
        "recent_expected_goals": 9.91031390134529,
        "recent_expected_assists": 9.730941704035875,
        "selected_by_percent": 6.860986547085202,
        "recent_us_npxG_per90": 6.4125560538116595,
        "now_cost": 6.345291479820628,
        "recent_us_xA_per90": 3.340807174887892,
        "recent_assists": 2.286995515695067,
        "is_home": 1.4798206278026906,
        "opponent_strength": 1.4573991031390134,
        "recent_goals_scored": 1.4125560538116593
      },
      "legacy": {
        "recent_team_xg": 14.583333333333334,
        "recent_expected_goals": 13.8,