{
  "timestamp": "2026-04-29T22:18:10.036472",
  "models": {
    "GKP": {
      "cleansheet": {
        "recent_team_xga": 22.43261305413232,
        "selected_by_percent": 15.148139897527289,
        "now_cost": 13.299175762976164,
        "recent_saves": 12.853642236578303,
        "recent_form": 10.937848073067498,
        "recent_goals_conceded": 10.2918244597906,
        "opponent_strength": 6.215192693250167,
        "is_home": 4.433058587658721,
        "recent_clean_sheets": 4.143461795500111,
        "recent_penalties_saved": 0.24504343951882382
      },
      "legacy": {
        "recent_team_xga": 21.888053467000834,
        "recent_form": 16.97577276524645,
        "recent_saves": 15.95655806182122,
        "recent_goals_conceded": 13.467000835421889,
        "selected_by_percent": 10.6265664160401,
        "now_cost": 9.406850459482039,
        "opponent_strength": 4.177109440267335,
        "recent_clean_sheets": 3.9264828738512945,
        "is_home": 2.9741019214703424,
        "recent_penalties_saved": 0.6015037593984963
      }
    },
    "DEF": {
      "goal": {
        "recent_influence": 17.822222222222223,
        "recent_team_xga": 15.622222222222224,
        "selected_by_percent": 14.511111111111111,
        "recent_threat": 12.6,
        "now_cost": 11.777777777777777,
        "recent_form": 9.488888888888889,
        "recent_goals_conceded": 8.044444444444444,
        "opponent_strength": 4.0888888888888895,
        "is_home": 2.022222222222222,
        "recent_clean_sheets": 1.7333333333333332,
        "recent_assists": 1.6,
        "recent_goals_scored": 0.6888888888888889
      },
      "assist": {
        "recent_influence": 15.891386601379926,
        "recent_team_xga": 15.023369686178501,
        "recent_form": 13.732472735366125,
        "recent_threat": 12.97574004006232,
        "selected_by_percent": 12.597373692410416,
        "now_cost": 10.861339862007567,
        "recent_goals_conceded": 7.14444691742711,
        "opponent_strength": 3.4498108168261736,
        "recent_clean_sheets": 2.8266191853995104,
        "recent_assists": 2.4927665257066547,
        "is_home": 1.8918317382595147,
        "recent_goals_scored": 1.1128421989761852
      },
      "cleansheet": {
        "recent_team_xga": 26.177777777777777,
        "recent_influence": 13.488888888888889,
        "selected_by_percent": 10.133333333333333,
        "now_cost": 9.911111111111111,
        "recent_goals_conceded": 9.0,
        "recent_threat": 8.6,
        "recent_form": 7.7555555555555555,
        "opponent_strength": 5.422222222222222,
        "recent_clean_sheets": 3.9555555555555553,
        "is_home": 3.4666666666666663,
        "recent_assists": 1.288888888888889,
        "recent_goals_scored": 0.8
      },
      "legacy": {
        "recent_influence": 16.03333333333333,
        "recent_team_xga": 15.883333333333333,
        "recent_threat": 13.933333333333334,
        "selected_by_percent": 11.450000000000001,
        "now_cost": 10.35,
        "recent_form": 9.700000000000001,
        "recent_goals_conceded": 8.95,
        "opponent_strength": 3.783333333333333,
        "recent_clean_sheets": 3.25,
        "recent_assists": 2.433333333333333,
        "is_home": 2.35,
        "recent_goals_scored": 1.8833333333333333
      }
    },
    "MID": {
      "goal": {
        "recent_creativity": 10.222222222222223,
        "recent_team_xg": 10.133333333333333,
        "recent_expected_assists": 9.333333333333334,
        "selected_by_percent": 9.11111111111111,
        "recent_influence": 9.066666666666666,
        "recent_expected_goals": 8.644444444444446,
        "recent_threat": 8.066666666666666,
        "recent_form": 7.066666666666667,
        "recent_us_npxG_per90": 6.2444444444444445,
        "recent_us_xA_per90": 6.155555555555556,
        "now_cost": 5.466666666666667,
        "opponent_strength": 3.266666666666666,
        "recent_clean_sheets": 2.555555555555556,
        "recent_assists": 2.3333333333333335,
        "is_home": 1.2666666666666666,
        "recent_goals_scored": 1.0666666666666667
      },
      "assist": {
        "recent_team_xg": 11.511111111111111,
        "recent_influence": 10.222222222222223,
        "recent_threat": 9.755555555555556,
        "recent_creativity": 9.511111111111111,
        "now_cost": 8.266666666666666,
        "recent_expected_assists": 8.266666666666666,
        "selected_by_percent": 8.244444444444445,
        "recent_expected_goals": 7.444444444444444,
        "recent_us_npxG_per90": 6.022222222222222,
        "recent_us_xA_per90": 5.6000000000000005,
        "recent_form": 5.0,
        "opponent_strength": 3.644444444444445,
        "recent_clean_sheets": 2.511111111111111,
        "recent_assists": 2.022222222222222,
        "is_home": 1.2,
        "recent_goals_scored": 0.7777777777777778
      },
      "cleansheet": {
        "recent_team_xg": 18.177777777777777,
        "recent_influence": 9.4,
        "recent_creativity": 8.488888888888889,
        "recent_threat": 8.11111111111111,
        "now_cost": 7.377777777777777,
        "recent_expected_goals": 7.222222222222221,
        "selected_by_percent": 6.71111111111111,
        "recent_expected_assists": 6.644444444444445,
        "recent_us_xA_per90": 5.533333333333333,
        "recent_us_npxG_per90": 5.444444444444444,
        "recent_form": 5.4,
        "opponent_strength": 3.933333333333333,
        "recent_clean_sheets": 3.3333333333333335,
        "recent_assists": 1.8222222222222224,
        "is_home": 1.577777777777778,
        "recent_goals_scored": 0.8222222222222223
      },
      "legacy": {
        "recent_threat": 10.577243910577245,
        "recent_expected_assists": 10.043376710043377,
        "recent_creativity": 9.75975975975976,
        "recent_expected_goals": 9.743076409743075,
        "recent_influence": 9.526192859526192,
        "recent_team_xg": 8.892225558892225,
        "selected_by_percent": 7.941274607941275,
        "recent_form": 6.506506506506507,
        "now_cost": 5.772439105772439,
        "recent_us_npxG_per90": 4.688021354688021,
        "recent_us_xA_per90": 4.404404404404405,
        "recent_clean_sheets": 3.38672005338672,
        "recent_assists": 2.5859192525859194,
        "recent_goals_scored": 2.519185852519186,
        "opponent_strength": 2.3189856523189856,
        "is_home": 1.334668001334668
      }
    },
    "FWD": {
      "goal": {
        "recent_threat": 11.771300448430495,
        "recent_expected_goals": 11.524663677130045,
        "recent_team_xg": 11.210762331838566,
        "recent_influence": 10.717488789237668,
        "recent_expected_assists": 9.663677130044842,
        "selected_by_percent": 9.170403587443946,
        "recent_form": 8.968609865470851,
        "now_cost": 8.699551569506726,
        "recent_us_npxG_per90": 4.686098654708521,
        "recent_us_xA_per90": 3.4080717488789234,
        "opponent_strength": 3.2062780269058297,
        "is_home": 2.4439461883408073,
        "recent_assists": 2.3318385650224216,
        "recent_goals_scored": 2.197309417040359
      },
      "assist": {
        "recent_threat": 13.569189431258396,
        "recent_influence": 12.628750559785043,
        "recent_expected_goals": 10.747872816838335,
        "recent_expected_assists": 10.546350201522616,
        "recent_team_xg": 10.434393193013882,
        "recent_form": 9.695476936856247,
        "selected_by_percent": 7.971339005821765,
        "now_cost": 7.590685176892073,
        "recent_us_npxG_per90": 5.127630989699955,
        "recent_us_xA_per90": 3.515450067174205,
        "opponent_strength": 2.575011195700851,
        "is_home": 2.082400358262427,
        "recent_assists": 1.8360949395432153,
        "recent_goals_scored": 1.6793551276309895
      },
      "legacy": {
        "recent_expected_goals": 14.285714285714285,
        "recent_threat": 12.810194500335346,
        "recent_influence": 12.374245472837023,
        "recent_expected_assists": 10.68075117370892,