{
  "timestamp": "2026-02-09T18:42:57.043894",
  "models": {
    "GKP": {
      "cleansheet": {
        "recent_team_xga": 29.160134378499443,
        "recent_saves": 14.647256438969764,
        "selected_by_percent": 13.706606942889138,
        "now_cost": 11.758118701007838,
        "recent_form": 10.795072788353863,
        "recent_goals_conceded": 10.145576707726764,
        "recent_clean_sheets": 3.9417693169092947,
        "is_home": 3.0683090705487124,
        "opponent_strength": 1.8812989921612542,
        "recent_penalties_saved": 0.8958566629339306
      },
      "legacy": {
        "recent_team_xga": 25.851498637602177,
        "recent_form": 16.62125340599455,
        "recent_saves": 14.645776566757492,
        "selected_by_percent": 12.908719346049047,
        "recent_goals_conceded": 11.290871934604905,
        "now_cost": 8.225476839237057,
        "recent_clean_sheets": 4.240463215258856,
        "is_home": 3.5933242506811993,
        "opponent_strength": 1.6348773841961852,
        "recent_penalties_saved": 0.9877384196185286
      }
    },
    "DEF": {
      "goal": {
        "recent_team_xga": 19.355555555555558,
        "recent_influence": 17.28888888888889,
        "recent_threat": 14.044444444444446,
        "selected_by_percent": 12.244444444444444,
        "now_cost": 12.133333333333333,
        "recent_form": 9.511111111111111,
        "recent_goals_conceded": 9.044444444444444,
        "recent_assists": 1.9333333333333333,
        "opponent_strength": 1.6,
        "is_home": 1.5333333333333332,
        "recent_clean_sheets": 0.9777777777777777,
        "recent_goals_scored": 0.33333333333333337
      },
      "assist": {
        "recent_team_xga": 18.236472945891784,
        "recent_influence": 16.85593409040303,
        "recent_threat": 13.38232019594745,
        "selected_by_percent": 12.424849699398797,
        "now_cost": 10.66577599643732,
        "recent_form": 10.64350924070363,
        "recent_goals_conceded": 7.25896236918281,
        "recent_clean_sheets": 2.894678245379648,
        "recent_assists": 2.449343130705856,
        "is_home": 2.2489423291026496,
        "opponent_strength": 1.5809396570919616,
        "recent_goals_scored": 1.3582720997550657
      },
      "cleansheet": {
        "recent_team_xga": 29.263392857142854,
        "recent_influence": 12.455357142857142,
        "selected_by_percent": 11.227678571428571,
        "now_cost": 9.6875,
        "recent_goals_conceded": 9.263392857142858,
        "recent_threat": 9.241071428571429,
        "recent_form": 8.4375,
        "recent_clean_sheets": 3.3482142857142856,
        "opponent_strength": 3.2589285714285716,
        "is_home": 2.276785714285714,
        "recent_assists": 0.9821428571428571,
        "recent_goals_scored": 0.5580357142857143
      },
      "legacy": {
        "recent_team_xga": 19.583333333333332,
        "recent_influence": 14.933333333333335,
        "recent_threat": 13.850000000000001,
        "selected_by_percent": 11.75,
        "recent_form": 10.133333333333333,
        "recent_goals_conceded": 9.216666666666667,
        "now_cost": 9.2,
        "recent_clean_sheets": 3.4666666666666663,
        "is_home": 2.466666666666667,
        "recent_assists": 2.3333333333333335,
        "opponent_strength": 1.633333333333333,
        "recent_goals_scored": 1.4333333333333333
      }
    },
    "MID": {
      "goal": {
        "recent_team_xg": 13.941556993084989,
        "recent_expected_assists": 9.457952264108856,
        "recent_expected_goals": 8.654918581307161,
        "selected_by_percent": 8.587999107740353,
        "recent_creativity": 8.498773142984609,
        "recent_threat": 8.186482266339505,
        "recent_influence": 8.164175775150568,
        "recent_us_xA_per90": 6.268124024091011,
        "recent_form": 6.089672094579523,
        "recent_us_npxG_per90": 5.955833147445907,
        "now_cost": 5.375864376533571,
        "recent_clean_sheets": 3.0782957840731653,
        "recent_assists": 2.2306491188935977,
        "recent_goals_scored": 2.0298906981931744,
        "opponent_strength": 1.8068257863038144,
        "is_home": 1.6729868391701985
      },
      "assist": {
        "recent_team_xg": 13.642443156486847,
        "recent_creativity": 9.585376727596968,
        "recent_threat": 9.139545251894782,
        "recent_influence": 8.98350423539902,
        "now_cost": 8.716005349977708,
        "recent_expected_goals": 8.67142220240749,
        "recent_expected_assists": 7.80205082478823,
        "selected_by_percent": 6.798930004458315,
        "recent_us_xA_per90": 6.665180561747659,
        "recent_form": 5.6843513152028535,
        "recent_us_npxG_per90": 5.127061970575123,
        "recent_clean_sheets": 2.9870708872046365,
        "opponent_strength": 1.961658493089612,
        "recent_assists": 1.850200624164066,
        "is_home": 1.3820775746767722,
        "recent_goals_scored": 1.0031208203299153
      },
      "cleansheet": {
        "recent_team_xg": 20.84444444444444,
        "recent_influence": 8.688888888888888,
        "recent_threat": 8.466666666666667,
        "recent_creativity": 7.488888888888889,
        "recent_expected_goals": 6.666666666666667,
        "recent_expected_assists": 6.622222222222223,
        "recent_us_npxG_per90": 6.6000000000000005,
        "selected_by_percent": 6.488888888888889,
        "now_cost": 6.4222222222222225,
        "recent_form": 5.688888888888889,
        "recent_us_xA_per90": 5.2,
        "recent_clean_sheets": 3.8,
        "opponent_strength": 2.511111111111111,
        "is_home": 1.866666666666667,
        "recent_assists": 1.8222222222222224,
        "recent_goals_scored": 0.8222222222222223
      },
      "legacy": {
        "recent_creativity": 10.616666666666667,
        "recent_team_xg": 10.316666666666666,
        "recent_expected_goals": 10.316666666666666,
        "recent_threat": 10.166666666666666,
        "recent_influence": 10.133333333333333,
        "recent_expected_assists": 9.583333333333334,
        "selected_by_percent": 7.35,
        "recent_form": 6.3,
        "now_cost": 5.983333333333333,
        "recent_us_npxG_per90": 4.833333333333333,
        "recent_us_xA_per90": 4.183333333333334,
        "recent_clean_sheets": 3.35,
        "recent_goals_scored": 2.2333333333333334,
        "recent_assists": 2.033333333333333,
        "is_home": 1.7000000000000002,
        "opponent_strength": 0.8999999999999999
      }
    },
    "FWD": {
      "goal": {
        "recent_team_xg": 17.024608501118568,
        "recent_influence": 11.789709172259508,
        "recent_expected_goals": 10.961968680089486,
        "recent_expected_assists": 10.268456375838927,
        "recent_threat": 9.35123042505593,
        "selected_by_percent": 9.239373601789708,
        "now_cost": 9.194630872483222,
        "recent_form": 8.635346756152124,
        "recent_us_npxG_per90": 3.5346756152125276,
        "recent_us_xA_per90": 3.087248322147651,
        "is_home": 2.1252796420581657,
        "opponent_strength": 1.6554809843400446,
        "recent_goals_scored": 1.6107382550335572,
        "recent_assists": 1.5212527964205815
      },
      "assist": {
        "recent_team_xg": 16.05545617173524,
        "recent_influence": 12.276386404293381,
        "recent_expected_assists": 11.404293381037567,
        "recent_threat": 10.263864042933811,
        "recent_expected_goals": 10.174418604651162,
        "now_cost": 8.47495527728086,
        "selected_by_percent": 8.02772808586762,
        "recent_form": 8.02772808586762,
        "recent_us_npxG_per90": 4.1815742397137745,
        "recent_us_xA_per90": 3.6896243291592126,
        "is_home": 2.750447227191413,
        "recent_goals_scored": 1.6323792486583184,
        "opponent_strength": 1.5876565295169947,
        "recent_assists": 1.4534883720930232
      },
      "legacy": {
        "recent_team_xg": 15.492245448415373,
        "recent_influence": 12.693863789615644,