{
  "timestamp": "2026-02-26T18:37:51.877764",
  "models": {
    "GKP": {
      "cleansheet": {
        "recent_team_xga": 26.0,
        "recent_saves": 14.755555555555555,
        "selected_by_percent": 14.333333333333334,
        "now_cost": 11.755555555555555,
        "recent_form": 10.222222222222223,
        "recent_goals_conceded": 10.066666666666666,
        "opponent_strength": 4.777777777777778,
        "recent_clean_sheets": 3.8,
        "is_home": 3.6222222222222227,
        "recent_penalties_saved": 0.6666666666666667
      },
      "legacy": {
        "recent_team_xga": 25.81582094652315,
        "recent_form": 16.248077908764735,
        "recent_saves": 15.017939518195798,
        "recent_goals_conceded": 11.874252520075174,
        "selected_by_percent": 10.080300700495473,
        "now_cost": 8.628053989407142,
        "recent_clean_sheets": 4.15171706817017,
        "opponent_strength": 3.7416709379805226,
        "is_home": 3.246198530668033,
        "recent_penalties_saved": 1.1959678797198017
      }
    },
    "DEF": {
      "goal": {
        "recent_team_xga": 21.244444444444444,
        "recent_influence": 16.466666666666665,
        "recent_threat": 13.28888888888889,
        "selected_by_percent": 12.866666666666667,
        "now_cost": 11.044444444444444,
        "recent_form": 8.466666666666667,
        "recent_goals_conceded": 7.3999999999999995,
        "opponent_strength": 3.2,
        "recent_assists": 2.3555555555555556,
        "is_home": 1.5555555555555556,
        "recent_clean_sheets": 1.4000000000000001,
        "recent_goals_scored": 0.7111111111111111
      },
      "assist": {
        "recent_team_xga": 19.577777777777776,
        "recent_influence": 14.733333333333334,
        "recent_threat": 14.48888888888889,
        "selected_by_percent": 11.31111111111111,
        "recent_form": 11.044444444444444,
        "now_cost": 9.488888888888889,
        "recent_goals_conceded": 7.111111111111111,
        "opponent_strength": 4.066666666666666,
        "recent_assists": 2.711111111111111,
        "recent_clean_sheets": 2.688888888888889,
        "is_home": 1.9333333333333333,
        "recent_goals_scored": 0.8444444444444443
      },
      "cleansheet": {
        "recent_team_xga": 28.11173184357542,
        "recent_influence": 11.932960893854748,
        "selected_by_percent": 10.793296089385475,
        "now_cost": 9.720670391061452,
        "recent_threat": 9.318435754189943,
        "recent_goals_conceded": 8.893854748603353,
        "recent_form": 7.687150837988827,
        "opponent_strength": 5.027932960893855,
        "recent_clean_sheets": 3.4636871508379885,
        "is_home": 2.7039106145251397,
        "recent_assists": 1.7877094972067038,
        "recent_goals_scored": 0.5586592178770949
      },
      "legacy": {
        "recent_team_xga": 18.316666666666666,
        "recent_influence": 15.1,
        "recent_threat": 13.083333333333332,
        "selected_by_percent": 10.683333333333334,
        "now_cost": 10.166666666666666,
        "recent_goals_conceded": 9.716666666666667,
        "recent_form": 9.366666666666665,
        "opponent_strength": 3.716666666666667,
        "recent_clean_sheets": 3.25,
        "is_home": 2.75,
        "recent_assists": 2.3833333333333333,
        "recent_goals_scored": 1.4666666666666666
      }
    },
    "MID": {
      "goal": {
        "recent_team_xg": 12.691709268726385,
        "recent_creativity": 9.913314069793287,
        "recent_expected_goals": 9.157590575683486,
        "recent_expected_assists": 8.890864636585908,
        "selected_by_percent": 8.513002889531007,
        "recent_influence": 8.379639919982218,
        "recent_threat": 8.357412758390753,
        "recent_us_npxG_per90": 7.157146032451656,
        "recent_form": 6.023560791286952,
        "now_cost": 5.334518781951545,
        "recent_us_xA_per90": 5.334518781951545,
        "recent_clean_sheets": 2.93398533007335,
        "opponent_strength": 2.2671704823294068,
        "recent_assists": 1.8448544120915762,
        "recent_goals_scored": 1.7114914425427872,
        "is_home": 1.4892198266281396
      },
      "assist": {
        "recent_team_xg": 13.85609267097349,
        "recent_creativity": 10.380931165070171,
        "recent_expected_goals": 8.866117175317441,
        "now_cost": 8.799287146357763,
        "recent_influence": 8.62107373579862,
        "recent_expected_assists": 8.153263533080864,
        "selected_by_percent": 7.574069948763644,
        "recent_threat": 7.195366451325462,
        "recent_form": 5.836489195811985,
        "recent_us_xA_per90": 5.8142125194920915,
        "recent_us_npxG_per90": 4.834038761416797,
        "opponent_strength": 3.1410113611049226,
        "recent_clean_sheets": 2.8514145689463133,
        "recent_assists": 2.094007574069949,
        "recent_goals_scored": 1.0247271107150813,
        "is_home": 0.957897081755402
      },
      "cleansheet": {
        "recent_team_xg": 19.85752448797863,
        "recent_influence": 9.43900267141585,
        "recent_creativity": 8.504007123775601,
        "recent_threat": 7.457702582368656,
        "recent_expected_goals": 7.056990204808549,
        "now_cost": 6.990204808548531,
        "selected_by_percent": 6.9234194122885135,
        "recent_us_npxG_per90": 6.567230632235084,
        "recent_expected_assists": 6.077471059661621,
        "recent_form": 5.2315227070347285,
        "recent_us_xA_per90": 4.986642920747997,
        "recent_clean_sheets": 3.383793410507569,
        "opponent_strength": 3.3170080142475515,
        "recent_assists": 1.6918967052537845,
        "is_home": 1.6251113089937665,
        "recent_goals_scored": 0.8904719501335707
      },
      "legacy": {
        "recent_threat": 10.45,
        "recent_expected_assists": 10.366666666666667,
        "recent_team_xg": 9.766666666666666,
        "recent_influence": 9.733333333333333,
        "recent_expected_goals": 9.6,
        "recent_creativity": 9.45,
        "selected_by_percent": 7.833333333333334,
        "recent_form": 6.116666666666667,
        "now_cost": 5.75,
        "recent_us_npxG_per90": 4.916666666666666,
        "recent_us_xA_per90": 3.85,
        "recent_clean_sheets": 3.216666666666667,
        "opponent_strength": 3.0166666666666666,
        "recent_assists": 2.466666666666667,
        "recent_goals_scored": 2.0666666666666664,
        "is_home": 1.4000000000000001
      }
    },
    "FWD": {
      "goal": {
        "recent_team_xg": 16.4576802507837,
        "recent_influence": 11.934617107030899,
        "recent_threat": 10.434393193013882,
        "recent_expected_assists": 9.87460815047022,
        "recent_form": 9.35960591133005,
        "recent_expected_goals": 8.956560680698612,
        "selected_by_percent": 8.240035826242723,
        "now_cost": 8.105687416032243,
        "recent_us_npxG_per90": 4.299149126735333,
        "recent_us_xA_per90": 3.6721898790864307,
        "opponent_strength": 3.0228392297357813,
        "recent_assists": 1.9256605463502015,
        "recent_goals_scored": 1.903269144648455,
        "is_home": 1.8137035378414688
      },
      "assist": {
        "recent_team_xg": 14.470457079152732,
        "recent_expected_goals": 11.505016722408026,
        "recent_influence": 10.858416945373467,
        "recent_threat": 10.033444816053512,
        "recent_expected_assists": 9.654403567447044,
        "recent_form": 8.851727982162764,
        "now_cost": 8.673355629877369,
        "selected_by_percent": 8.071348940914158,
        "recent_us_npxG_per90": 4.325529542920847,
        "recent_us_xA_per90": 3.701226309921962,
        "opponent_strength": 3.2107023411371234,
        "is_home": 2.9654403567447045,
        "recent_goals_scored": 2.0289855072463765,
        "recent_assists": 1.649944258639911
      },
      "legacy": {
        "recent_team_xg": 14.844668345927792,
        "recent_influence": 12.997481108312343,
        "recent_threat": 11.704450041981527,