{
  "timestamp": "2026-02-20T18:32:15.751193",
  "models": {
    "GKP": {
      "cleansheet": {
        "recent_team_xga": 28.14584259670965,
        "selected_by_percent": 14.606491774121832,
        "recent_saves": 13.450422409959984,
        "now_cost": 11.783014673188083,
        "recent_goals_conceded": 10.337927967985772,
        "recent_form": 9.670964873277011,
        "opponent_strength": 4.401956425077812,
        "recent_clean_sheets": 3.5793686082703426,
        "is_home": 3.423743886171632,
        "recent_penalties_saved": 0.6002667852378835
      },
      "legacy": {
        "recent_team_xga": 25.74677528852682,
        "recent_form": 15.342837746096402,
        "recent_saves": 14.68092328581127,
        "selected_by_percent": 11.642905634758995,
        "recent_goals_conceded": 11.269517990495586,
        "now_cost": 9.215885947046845,
        "recent_clean_sheets": 4.141208418194162,
        "is_home": 3.462321792260693,
        "opponent_strength": 3.360488798370672,
        "recent_penalties_saved": 1.1371350984385609
      }
    },
    "DEF": {
      "goal": {
        "recent_team_xga": 20.57777777777778,
        "recent_influence": 16.733333333333334,
        "recent_threat": 14.222222222222221,
        "selected_by_percent": 13.177777777777777,
        "now_cost": 11.755555555555555,
        "recent_form": 8.866666666666667,
        "recent_goals_conceded": 7.155555555555555,
        "opponent_strength": 2.888888888888889,
        "recent_assists": 1.6,
        "is_home": 1.1555555555555554,
        "recent_clean_sheets": 1.0,
        "recent_goals_scored": 0.8666666666666666
      },
      "assist": {
        "recent_team_xga": 20.102290415832776,
        "recent_influence": 14.609739826551035,
        "selected_by_percent": 13.030909495219035,
        "recent_threat": 12.563931509895484,
        "recent_form": 10.162330442517234,
        "now_cost": 9.739826551034023,
        "recent_goals_conceded": 7.204803202134756,
        "opponent_strength": 4.2695130086724475,
        "recent_clean_sheets": 2.7129197242606184,
        "recent_assists": 2.6906826773404493,
        "is_home": 1.912386035134534,
        "recent_goals_scored": 1.0006671114076051
      },
      "cleansheet": {
        "recent_team_xga": 27.661469933184858,
        "recent_influence": 12.338530066815146,
        "selected_by_percent": 11.625835189309578,
        "recent_threat": 10.423162583518932,
        "now_cost": 9.265033407572384,
        "recent_goals_conceded": 8.21826280623608,
        "recent_form": 7.728285077951003,
        "opponent_strength": 4.320712694877506,
        "recent_clean_sheets": 3.4966592427616927,
        "is_home": 2.939866369710468,
        "recent_assists": 1.469933184855234,
        "recent_goals_scored": 0.512249443207127
      },
      "legacy": {
        "recent_team_xga": 19.133333333333333,
        "recent_influence": 13.616666666666665,
        "recent_threat": 13.583333333333334,
        "selected_by_percent": 11.533333333333333,
        "recent_form": 10.0,
        "now_cost": 9.6,
        "recent_goals_conceded": 9.033333333333333,
        "opponent_strength": 3.7666666666666666,
        "recent_clean_sheets": 3.3666666666666663,
        "is_home": 2.6833333333333336,
        "recent_assists": 2.35,
        "recent_goals_scored": 1.3333333333333335
      }
    },
    "MID": {
      "goal": {
        "recent_team_xg": 12.650602409638553,
        "recent_creativity": 9.61624274877287,
        "selected_by_percent": 9.393128067826863,
        "recent_expected_goals": 8.835341365461847,
        "recent_expected_assists": 8.56760374832664,
        "recent_influence": 8.522980812137439,
        "recent_threat": 7.987505577867024,
        "recent_us_npxG_per90": 6.291834002677376,
        "recent_us_xA_per90": 6.202588130298974,
        "recent_form": 5.644801427933959,
        "now_cost": 5.3770638107987505,
        "recent_clean_sheets": 2.721999107541276,
        "opponent_strength": 2.610441767068273,
        "recent_assists": 2.2311468094600624,
        "recent_goals_scored": 1.6956715751896476,
        "is_home": 1.651048639000446
      },
      "assist": {
        "recent_team_xg": 13.118040089086861,
        "recent_influence": 9.821826280623608,
        "recent_creativity": 9.77728285077951,
        "recent_expected_goals": 8.797327394209354,
        "recent_expected_assists": 8.641425389755012,
        "now_cost": 8.374164810690424,
        "recent_threat": 7.7728285077951,
        "selected_by_percent": 7.305122494432072,
        "recent_us_xA_per90": 5.835189309576838,
        "recent_form": 5.7461024498886415,
        "recent_us_npxG_per90": 4.832962138084632,
        "opponent_strength": 2.9844097995545655,
        "recent_clean_sheets": 2.783964365256125,
        "recent_assists": 2.249443207126949,
        "is_home": 1.091314031180401,
        "recent_goals_scored": 0.8685968819599109
      },
      "cleansheet": {
        "recent_team_xg": 20.302760463045413,
        "recent_influence": 8.771148708815673,
        "recent_creativity": 8.147818343722173,
        "selected_by_percent": 7.390917186108638,
        "now_cost": 7.034728406055208,
        "recent_us_npxG_per90": 6.5894924309884235,
        "recent_threat": 6.567230632235084,
        "recent_expected_goals": 6.188780053428317,
        "recent_expected_assists": 6.032947462154943,
        "recent_form": 5.9439002671415855,
        "recent_us_xA_per90": 4.919857524487979,
        "recent_clean_sheets": 3.8735529830810327,
        "opponent_strength": 3.2947462154942118,
        "is_home": 2.1816562778272486,
        "recent_assists": 1.9590382902938557,
        "recent_goals_scored": 0.8014247551202136
      },
      "legacy": {
        "recent_team_xg": 10.267111853088482,
        "recent_expected_goals": 9.6661101836394,
        "recent_expected_assists": 9.632721202003339,
        "recent_creativity": 9.398998330550919,
        "recent_influence": 9.248747913188646,
        "recent_threat": 9.081803005008346,
        "selected_by_percent": 8.113522537562606,
        "recent_form": 6.49415692821369,
        "now_cost": 6.176961602671119,
        "recent_us_npxG_per90": 5.742904841402337,
        "recent_us_xA_per90": 3.9398998330550916,
        "recent_clean_sheets": 3.2220367278797997,
        "opponent_strength": 2.5542570951585977,
        "recent_goals_scored": 2.337228714524207,
        "recent_assists": 2.303839732888147,
        "is_home": 1.8196994991652753
      }
    },
    "FWD": {
      "goal": {
        "recent_team_xg": 15.761113605747642,
        "recent_influence": 11.40547822182308,
        "recent_threat": 10.350246969016615,
        "recent_expected_assists": 10.282891782667265,
        "recent_expected_goals": 10.103277952402335,
        "recent_form": 8.913336326897172,
        "selected_by_percent": 8.419398293668612,
        "now_cost": 7.498877413560844,
        "recent_us_npxG_per90": 5.141445891333633,
        "recent_us_xA_per90": 2.918724741805119,
        "opponent_strength": 2.896273013022003,
        "recent_assists": 2.3574315222272118,
        "is_home": 2.110462505612932,
        "recent_goals_scored": 1.8410417602155364
      },
      "assist": {
        "recent_team_xg": 14.933333333333335,
        "recent_influence": 12.088888888888889,
        "recent_expected_goals": 11.11111111111111,
        "recent_threat": 10.488888888888889,
        "recent_expected_assists": 10.2,
        "selected_by_percent": 7.844444444444444,
        "recent_form": 7.844444444444444,
        "now_cost": 7.511111111111111,
        "recent_us_npxG_per90": 4.288888888888889,
        "opponent_strength": 3.9555555555555553,
        "recent_us_xA_per90": 3.4000000000000004,
        "recent_goals_scored": 2.3777777777777778,
        "is_home": 2.022222222222222,
        "recent_assists": 1.9333333333333333
      },
      "legacy": {
        "recent_team_xg": 15.352064996614759,
        "recent_threat": 12.643872714962761,