{
  "timestamp": "2026-05-02T11:53:33.762684",
  "models": {
    "GKP": {
      "cleansheet": {
        "recent_team_xga": 32.74060902422761,
        "recent_saves": 12.602800622360524,
        "selected_by_percent": 12.336074683262947,
        "now_cost": 12.180484552122694,
        "recent_form": 10.180040008890865,
        "recent_goals_conceded": 8.335185596799288,
        "opponent_strength": 5.178928650811292,
        "recent_clean_sheets": 3.4452100466770395,
        "is_home": 2.7561680373416313,
        "recent_penalties_saved": 0.24449877750611246
      },
      "legacy": {
        "recent_team_xga": 25.507745266781413,
        "recent_form": 15.387263339070568,
        "recent_saves": 15.283993115318417,
        "recent_goals_conceded": 12.203098106712565,
        "selected_by_percent": 11.222030981067126,
        "now_cost": 9.363166953528399,
        "recent_clean_sheets": 3.87263339070568,
        "opponent_strength": 3.356282271944923,
        "is_home": 3.1497418244406195,
        "recent_penalties_saved": 0.6540447504302926
      }
    },
    "DEF": {
      "goal": {
        "recent_team_xga": 19.377777777777776,
        "recent_influence": 19.022222222222222,
        "selected_by_percent": 12.688888888888888,
        "now_cost": 11.933333333333334,
        "recent_threat": 11.799999999999999,
        "recent_form": 8.71111111111111,
        "recent_goals_conceded": 7.311111111111111,
        "opponent_strength": 3.2444444444444445,
        "is_home": 2.0,
        "recent_clean_sheets": 1.7999999999999998,
        "recent_assists": 1.2222222222222223,
        "recent_goals_scored": 0.8888888888888888
      },
      "assist": {
        "recent_team_xga": 19.362745098039216,
        "recent_influence": 15.240641711229946,
        "recent_threat": 13.034759358288769,
        "now_cost": 11.98752228163993,
        "selected_by_percent": 11.831550802139038,
        "recent_form": 11.43048128342246,
        "recent_goals_conceded": 6.662210338680927,
        "opponent_strength": 2.8297682709447414,
        "recent_assists": 2.5178253119429588,
        "recent_clean_sheets": 2.2058823529411766,
        "is_home": 1.8048128342245988,
        "recent_goals_scored": 1.0918003565062389
      },
      "cleansheet": {
        "recent_team_xga": 28.955555555555556,
        "recent_influence": 12.177777777777777,
        "selected_by_percent": 9.88888888888889,
        "now_cost": 9.555555555555555,
        "recent_goals_conceded": 9.333333333333334,
        "recent_threat": 8.355555555555554,
        "recent_form": 7.000000000000001,
        "opponent_strength": 5.488888888888889,
        "recent_clean_sheets": 4.111111111111112,
        "is_home": 2.6,
        "recent_assists": 1.4444444444444444,
        "recent_goals_scored": 1.0888888888888888
      },
      "legacy": {
        "recent_team_xga": 18.383333333333333,
        "recent_influence": 15.433333333333332,
        "recent_threat": 13.633333333333333,
        "selected_by_percent": 10.983333333333334,
        "recent_form": 10.25,
        "now_cost": 9.85,
        "recent_goals_conceded": 8.366666666666667,
        "opponent_strength": 3.5333333333333337,
        "recent_clean_sheets": 3.1333333333333333,
        "recent_assists": 2.6166666666666667,
        "is_home": 2.1166666666666667,
        "recent_goals_scored": 1.7000000000000002
      }
    },
    "MID": {
      "goal": {
        "recent_team_xg": 12.377777777777778,
        "recent_creativity": 9.555555555555555,
        "recent_expected_assists": 9.066666666666666,
        "recent_influence": 8.933333333333334,
        "selected_by_percent": 8.844444444444445,
        "recent_threat": 8.555555555555555,
        "recent_expected_goals": 7.5777777777777775,
        "recent_us_npxG_per90": 7.044444444444445,
        "recent_form": 6.800000000000001,
        "recent_us_xA_per90": 5.488888888888889,
        "now_cost": 5.0,
        "opponent_strength": 3.155555555555556,
        "recent_clean_sheets": 2.888888888888889,
        "recent_assists": 2.0888888888888886,
        "is_home": 1.511111111111111,
        "recent_goals_scored": 1.1111111111111112
      },
      "assist": {
        "recent_team_xg": 13.585746102449889,
        "recent_creativity": 9.955456570155901,
        "recent_influence": 9.376391982182627,
        "recent_threat": 8.797327394209354,
        "recent_expected_goals": 8.507795100222717,
        "recent_expected_assists": 8.351893095768375,
        "selected_by_percent": 7.973273942093541,
        "now_cost": 7.527839643652562,
        "recent_us_xA_per90": 6.302895322939866,
        "recent_us_npxG_per90": 5.434298440979955,
        "recent_form": 4.788418708240535,
        "opponent_strength": 2.89532293986637,
        "recent_clean_sheets": 2.472160356347439,
        "recent_assists": 2.1158129175946545,
        "is_home": 1.024498886414254,
        "recent_goals_scored": 0.8908685968819599
      },
      "cleansheet": {
        "recent_team_xg": 19.977777777777778,
        "recent_influence": 8.733333333333333,
        "recent_creativity": 7.977777777777778,
        "recent_threat": 7.9111111111111105,
        "recent_us_npxG_per90": 7.088888888888889,
        "selected_by_percent": 6.955555555555555,
        "now_cost": 6.800000000000001,
        "recent_expected_goals": 6.71111111111111,
        "recent_expected_assists": 5.844444444444444,
        "recent_form": 5.288888888888889,
        "recent_us_xA_per90": 4.777777777777778,
        "opponent_strength": 4.066666666666666,
        "recent_clean_sheets": 3.4000000000000004,
        "recent_assists": 2.2666666666666666,
        "is_home": 1.6222222222222222,
        "recent_goals_scored": 0.5777777777777777
      },
      "legacy": {
        "recent_team_xg": 11.033333333333333,
        "recent_expected_assists": 10.100000000000001,
        "recent_expected_goals": 9.783333333333333,
        "recent_threat": 9.766666666666666,
        "recent_influence": 9.583333333333334,
        "recent_creativity": 9.266666666666666,
        "selected_by_percent": 8.1,
        "recent_form": 5.866666666666666,
        "now_cost": 5.416666666666667,
        "recent_us_npxG_per90": 5.066666666666666,
        "recent_us_xA_per90": 4.266666666666667,
        "recent_clean_sheets": 3.266666666666666,
        "recent_assists": 2.45,
        "recent_goals_scored": 2.3,
        "opponent_strength": 2.283333333333333,
        "is_home": 1.4500000000000002
      }
    },
    "FWD": {
      "goal": {
        "recent_team_xg": 14.623704371338441,
        "recent_expected_goals": 12.122577737719693,
        "recent_threat": 11.288868859846778,
        "recent_influence": 11.153672825597116,
        "recent_expected_assists": 10.477692654348806,
        "recent_form": 8.607480847228482,
        "selected_by_percent": 8.04416403785489,
        "now_cost": 7.886435331230284,
        "recent_us_npxG_per90": 3.740423614240649,
        "recent_us_xA_per90": 3.064443442992339,
        "opponent_strength": 2.9292474087426768,
        "recent_assists": 2.591257323118522,
        "is_home": 1.9828751689950428,
        "recent_goals_scored": 1.487156376746282
      },
      "assist": {
        "recent_threat": 14.181818181818182,
        "recent_team_xg": 14.068181818181818,
        "recent_influence": 12.5,
        "recent_expected_goals": 11.5,
        "recent_expected_assists": 8.863636363636363,
        "recent_form": 8.613636363636363,
        "now_cost": 7.545454545454546,
        "selected_by_percent": 6.840909090909091,
        "recent_us_npxG_per90": 4.659090909090909,
        "recent_us_xA_per90": 2.840909090909091,
        "is_home": 2.5,
        "opponent_strength": 2.3409090909090913,
        "recent_goals_scored": 1.8181818181818181,
        "recent_assists": 1.7272727272727273
      },
      "legacy": {
        "recent_expected_goals": 13.732394366197184,
        "recent_team_xg": 13.229376257545272,
        "recent_influence": 12.759892689470153,