{
  "timestamp": "2026-01-11T12:57:47.729876",
  "models": {
    "GKP": {
      "cleansheet": {
        "recent_team_xga": 25.827961769282066,
        "selected_by_percent": 14.380973549677705,
        "recent_goals_conceded": 13.247388308513003,
        "recent_saves": 12.869526561458104,
        "now_cost": 12.647254945543454,
        "recent_form": 10.491220271171372,
        "is_home": 3.978661924872194,
        "recent_clean_sheets": 3.956434763280729,
        "opponent_strength": 2.3338519671038007,
        "recent_penalties_saved": 0.26672593909757725
      },
      "legacy": {
        "recent_team_xga": 26.97947214076246,
        "recent_form": 14.990512333965844,
        "recent_saves": 13.334483353458685,
        "recent_goals_conceded": 12.402967051923408,
        "selected_by_percent": 11.833707089874073,
        "now_cost": 9.435915128514749,
        "recent_clean_sheets": 4.916336035880628,
        "is_home": 3.6398136967396932,
        "opponent_strength": 1.6042780748663104,
        "recent_penalties_saved": 0.8625150940141453
      }
    },
    "DEF": {
      "goal": {
        "recent_team_xga": 21.11111111111111,
        "recent_influence": 16.22222222222222,
        "selected_by_percent": 12.422222222222222,
        "now_cost": 12.28888888888889,
        "recent_threat": 12.177777777777777,
        "recent_form": 9.6,
        "recent_goals_conceded": 8.066666666666666,
        "recent_assists": 2.0666666666666664,
        "is_home": 1.866666666666667,
        "recent_clean_sheets": 1.7555555555555558,
        "recent_goals_scored": 1.2444444444444445,
        "opponent_strength": 1.1777777777777778
      },
      "assist": {
        "recent_team_xga": 18.11111111111111,
        "recent_influence": 16.244444444444444,
        "selected_by_percent": 13.111111111111112,
        "recent_form": 12.133333333333333,
        "recent_threat": 11.977777777777778,
        "now_cost": 10.533333333333333,
        "recent_goals_conceded": 8.244444444444445,
        "recent_assists": 2.666666666666667,
        "is_home": 2.3555555555555556,
        "recent_clean_sheets": 1.8888888888888888,
        "opponent_strength": 1.8222222222222224,
        "recent_goals_scored": 0.9111111111111112
      },
      "cleansheet": {
        "recent_team_xga": 29.73273942093541,
        "recent_influence": 12.182628062360802,
        "selected_by_percent": 11.247216035634743,
        "now_cost": 9.175946547884188,
        "recent_threat": 9.175946547884188,
        "recent_goals_conceded": 9.042316258351892,
        "recent_form": 8.574610244988865,
        "opponent_strength": 2.939866369710468,
        "recent_clean_sheets": 2.783964365256125,
        "is_home": 2.7171492204899774,
        "recent_assists": 1.6926503340757237,
        "recent_goals_scored": 0.734966592427617
      },
      "legacy": {
        "recent_team_xga": 18.9,
        "recent_influence": 16.1,
        "recent_threat": 13.966666666666667,
        "selected_by_percent": 11.15,
        "recent_form": 10.116666666666667,
        "now_cost": 9.566666666666666,
        "recent_goals_conceded": 9.316666666666666,
        "recent_clean_sheets": 3.75,
        "recent_assists": 2.15,
        "is_home": 2.1166666666666667,
        "opponent_strength": 1.7833333333333332,
        "recent_goals_scored": 1.0833333333333335
      }
    },
    "MID": {
      "goal": {
        "recent_team_xg": 11.777777777777777,
        "recent_influence": 9.377777777777778,
        "recent_threat": 9.311111111111112,
        "recent_expected_assists": 8.777777777777777,
        "recent_creativity": 8.755555555555555,
        "selected_by_percent": 8.288888888888888,
        "recent_expected_goals": 8.044444444444444,
        "recent_form": 7.111111111111111,
        "recent_us_xA_per90": 5.933333333333334,
        "recent_us_npxG_per90": 5.733333333333333,
        "now_cost": 5.688888888888889,
        "recent_clean_sheets": 3.0666666666666664,
        "recent_assists": 2.4444444444444446,
        "opponent_strength": 2.422222222222222,
        "is_home": 1.911111111111111,
        "recent_goals_scored": 1.3555555555555554
      },
      "assist": {
        "recent_team_xg": 14.06180026869682,
        "recent_creativity": 9.740259740259742,
        "recent_influence": 9.538737124944022,
        "recent_threat": 8.419167039856696,
        "recent_expected_goals": 8.39677563815495,
        "recent_expected_assists": 8.172861621137484,
        "selected_by_percent": 8.083296014330497,
        "now_cost": 6.695029108822212,
        "recent_us_xA_per90": 6.538289296909987,
        "recent_form": 5.7098074339453655,
        "recent_us_npxG_per90": 4.993282579489476,
        "recent_clean_sheets": 2.7765338110165696,
        "recent_assists": 2.239140170174653,
        "opponent_strength": 1.7913121361397222,
        "is_home": 1.5897895208240036,
        "recent_goals_scored": 1.2539184952978055
      },
      "cleansheet": {
        "recent_team_xg": 21.22222222222222,
        "recent_creativity": 7.622222222222222,
        "recent_influence": 7.6,
        "recent_threat": 7.488888888888889,
        "now_cost": 7.177777777777777,
        "selected_by_percent": 6.755555555555555,
        "recent_expected_goals": 6.622222222222223,
        "recent_us_npxG_per90": 6.266666666666667,
        "recent_form": 5.866666666666666,
        "recent_expected_assists": 5.866666666666666,
        "recent_us_xA_per90": 5.6000000000000005,
        "recent_clean_sheets": 3.844444444444445,
        "opponent_strength": 2.7555555555555555,
        "recent_assists": 2.3555555555555556,
        "is_home": 2.1333333333333333,
        "recent_goals_scored": 0.8222222222222223
      },
      "legacy": {
        "recent_team_xg": 11.116666666666667,
        "recent_influence": 10.816666666666666,
        "recent_creativity": 10.15,
        "recent_expected_goals": 9.766666666666666,
        "recent_threat": 9.733333333333333,
        "recent_expected_assists": 9.25,
        "selected_by_percent": 6.966666666666667,
        "recent_form": 6.6000000000000005,
        "now_cost": 5.566666666666667,
        "recent_us_xA_per90": 4.916666666666666,
        "recent_us_npxG_per90": 3.966666666666667,
        "recent_clean_sheets": 3.45,
        "recent_assists": 2.6,
        "recent_goals_scored": 2.3666666666666667,
        "is_home": 1.7000000000000002,
        "opponent_strength": 1.0333333333333332
      }
    },
    "FWD": {
      "goal": {
        "recent_team_xg": 16.51672433679354,
        "recent_expected_goals": 10.680507497116494,
        "recent_threat": 10.63437139561707,
        "selected_by_percent": 10.426758938869666,
        "recent_form": 10.426758938869666,
        "recent_influence": 10.196078431372548,
        "recent_expected_assists": 8.25836216839677,
        "now_cost": 8.212226066897347,
        "recent_us_npxG_per90": 4.867358708189158,
        "recent_us_xA_per90": 2.768166089965398,
        "recent_goals_scored": 2.1683967704728953,
        "is_home": 2.0761245674740483,
        "opponent_strength": 1.637831603229527,
        "recent_assists": 1.130334486735871
      },
      "assist": {
        "recent_influence": 13.857174837698679,
        "recent_team_xg": 12.49160510409671,
        "recent_threat": 12.357286769644055,
        "recent_expected_goals": 11.193194537721066,
        "recent_expected_assists": 11.058876203268413,
        "recent_form": 9.44705618983658,
        "now_cost": 7.186030893216924,
        "selected_by_percent": 7.096485336915155,
        "recent_us_npxG_per90": 4.701141705842848,
        "recent_us_xA_per90": 3.78329975374972,
        "is_home": 2.2610252966196556,
        "recent_goals_scored": 1.7685247369599284,
        "recent_assists": 1.4327289008282964,
        "opponent_strength": 1.3655697336019699
      },
      "legacy": {
        "recent_team_xg": 14.769074606665539,
        "recent_expected_goals": 14.447639993232956,
        "recent_threat": 11.808492640839113,