{
  "timestamp": "2026-02-05T18:35:57.904621",
  "models": {
    "GKP": {
      "cleansheet": {
        "recent_team_xga": 26.702269692923895,
        "selected_by_percent": 14.485981308411214,
        "recent_saves": 13.929684023141967,
        "recent_goals_conceded": 11.704494882064974,
        "now_cost": 11.504227859368047,
        "recent_form": 10.68090787716956,
        "is_home": 4.205607476635514,
        "recent_clean_sheets": 4.138851802403204,
        "opponent_strength": 1.9581664441477526,
        "recent_penalties_saved": 0.6898086337338674
      },
      "legacy": {
        "recent_team_xga": 27.59695290858726,
        "recent_form": 16.412742382271468,
        "recent_saves": 13.60803324099723,
        "selected_by_percent": 11.876731301939058,
        "recent_goals_conceded": 10.716759002770084,
        "now_cost": 8.743074792243767,
        "recent_clean_sheets": 4.7091412742382275,
        "is_home": 3.8781163434903045,
        "opponent_strength": 1.7832409972299168,
        "recent_penalties_saved": 0.6752077562326869
      }
    },
    "DEF": {
      "goal": {
        "recent_team_xga": 21.2,
        "recent_influence": 17.644444444444442,
        "selected_by_percent": 14.6,
        "recent_threat": 12.911111111111111,
        "now_cost": 10.2,
        "recent_form": 8.11111111111111,
        "recent_goals_conceded": 8.11111111111111,
        "is_home": 1.7999999999999998,
        "recent_assists": 1.7777777777777777,
        "opponent_strength": 1.6222222222222222,
        "recent_clean_sheets": 1.4222222222222223,
        "recent_goals_scored": 0.6
      },
      "assist": {
        "recent_team_xga": 19.22991319830848,
        "recent_influence": 17.338081460048965,
        "recent_threat": 13.331849543734698,
        "selected_by_percent": 11.395504117516136,
        "recent_form": 11.12842198976185,
        "now_cost": 10.594257734253283,
        "recent_goals_conceded": 7.656354328956154,
        "recent_clean_sheets": 2.559537057645226,
        "recent_assists": 2.247941241931894,
        "is_home": 1.9363454262185622,
        "opponent_strength": 1.6915201424438013,
        "recent_goals_scored": 0.8902737591809481
      },
      "cleansheet": {
        "recent_team_xga": 28.870106761565832,
        "recent_influence": 12.121886120996441,
        "selected_by_percent": 10.320284697508896,
        "now_cost": 9.653024911032029,
        "recent_threat": 9.608540925266903,
        "recent_goals_conceded": 9.386120996441282,
        "recent_form": 8.629893238434164,
        "recent_clean_sheets": 3.4919928825622772,
        "opponent_strength": 3.0249110320284696,
        "is_home": 2.7580071174377228,
        "recent_assists": 1.4234875444839856,
        "recent_goals_scored": 0.7117437722419928
      },
      "legacy": {
        "recent_team_xga": 19.166666666666668,
        "recent_influence": 14.85,
        "recent_threat": 14.000000000000002,
        "selected_by_percent": 11.233333333333333,
        "recent_form": 10.8,
        "recent_goals_conceded": 9.700000000000001,
        "now_cost": 9.083333333333334,
        "recent_clean_sheets": 3.3666666666666663,
        "is_home": 2.3166666666666664,
        "recent_assists": 2.183333333333333,
        "opponent_strength": 1.9333333333333333,
        "recent_goals_scored": 1.3666666666666667
      }
    },
    "MID": {
      "goal": {
        "recent_team_xg": 13.325917686318132,
        "recent_creativity": 9.299221357063404,
        "recent_threat": 9.165739710789767,
        "recent_influence": 8.49833147942158,
        "recent_expected_goals": 8.364849833147941,
        "recent_expected_assists": 8.2091212458287,
        "selected_by_percent": 7.897664071190211,
        "recent_us_xA_per90": 6.340378197997776,
        "recent_us_npxG_per90": 6.117908787541713,
        "recent_form": 5.672969966629588,
        "now_cost": 5.272525027808676,
        "recent_assists": 3.136818687430478,
        "recent_clean_sheets": 2.8476084538375974,
        "recent_goals_scored": 2.1579532814238043,
        "opponent_strength": 1.9799777530589546,
        "is_home": 1.7130144605116797
      },
      "assist": {
        "recent_team_xg": 13.488888888888889,
        "recent_creativity": 9.6,
        "recent_expected_goals": 9.333333333333334,
        "recent_influence": 9.177777777777777,
        "now_cost": 8.755555555555555,
        "recent_expected_assists": 8.222222222222223,
        "selected_by_percent": 7.866666666666666,
        "recent_threat": 7.533333333333333,
        "recent_form": 5.955555555555556,
        "recent_us_xA_per90": 5.7555555555555555,
        "recent_us_npxG_per90": 5.044444444444444,
        "recent_clean_sheets": 2.4,
        "recent_assists": 2.2444444444444445,
        "opponent_strength": 1.911111111111111,
        "is_home": 1.511111111111111,
        "recent_goals_scored": 1.2
      },
      "cleansheet": {
        "recent_team_xg": 20.866666666666667,
        "recent_influence": 8.466666666666667,
        "recent_creativity": 7.955555555555556,
        "recent_threat": 7.955555555555556,
        "now_cost": 7.311111111111111,
        "recent_expected_assists": 6.577777777777778,
        "recent_expected_goals": 6.4222222222222225,
        "selected_by_percent": 6.066666666666666,
        "recent_form": 5.822222222222222,
        "recent_us_npxG_per90": 5.6000000000000005,
        "recent_us_xA_per90": 5.422222222222222,
        "recent_clean_sheets": 3.844444444444445,
        "opponent_strength": 2.577777777777778,
        "is_home": 2.155555555555556,
        "recent_assists": 1.9777777777777776,
        "recent_goals_scored": 0.9777777777777777
      },
      "legacy": {
        "recent_team_xg": 10.566666666666666,
        "recent_expected_goals": 10.316666666666666,
        "recent_creativity": 10.166666666666666,
        "recent_threat": 10.100000000000001,
        "recent_influence": 9.700000000000001,
        "recent_expected_assists": 9.383333333333335,
        "selected_by_percent": 7.216666666666667,
        "recent_form": 6.75,
        "now_cost": 5.416666666666667,
        "recent_us_npxG_per90": 4.916666666666666,
        "recent_us_xA_per90": 4.033333333333333,
        "recent_clean_sheets": 3.3666666666666663,
        "recent_goals_scored": 2.55,
        "recent_assists": 2.5,
        "is_home": 1.8499999999999999,
        "opponent_strength": 1.1666666666666667
      }
    },
    "FWD": {
      "goal": {
        "recent_team_xg": 15.582034830430796,
        "recent_influence": 11.021998166819431,
        "recent_threat": 10.976168652612282,
        "recent_expected_assists": 10.242896425297891,
        "recent_expected_goals": 9.99083409715857,
        "recent_form": 9.440879926672777,
        "selected_by_percent": 9.028414298808432,
        "now_cost": 8.753437213565537,
        "recent_us_npxG_per90": 4.835013748854262,
        "recent_us_xA_per90": 2.703941338221815,
        "is_home": 2.6581118240146653,
        "recent_goals_scored": 2.2456461961503207,
        "opponent_strength": 1.374885426214482,
        "recent_assists": 1.1457378551787352
      },
      "assist": {
        "recent_influence": 13.008672448298867,
        "recent_expected_goals": 12.89748721369802,
        "recent_expected_assists": 11.963531243050923,
        "recent_team_xg": 10.851678897042474,
        "recent_threat": 10.073382254836558,
        "selected_by_percent": 9.650878363353346,
        "recent_form": 8.2499444073827,
        "now_cost": 6.604402935290193,
        "recent_us_npxG_per90": 5.648209917722927,
        "recent_us_xA_per90": 4.113853680231265,
        "is_home": 2.3571269735379143,
        "opponent_strength": 1.7122526128530131,
        "recent_assists": 1.6900155659328442,
        "recent_goals_scored": 1.1785634867689572
      },
      "legacy": {
        "recent_team_xg": 15.16731124936943,
        "recent_expected_goals": 13.099041533546327,
        "recent_influence": 12.544139902471835,