{
  "timestamp": "2026-04-23T18:54:19.424465",
  "models": {
    "GKP": {
      "cleansheet": {
        "recent_team_xga": 31.45413870246085,
        "selected_by_percent": 14.161073825503356,
        "now_cost": 12.21476510067114,
        "recent_saves": 11.722595078299776,
        "recent_form": 9.485458612975393,
        "recent_goals_conceded": 8.3668903803132,
        "opponent_strength": 5.1454138702460845,
        "recent_clean_sheets": 3.803131991051454,
        "is_home": 3.3333333333333335,
        "recent_penalties_saved": 0.3131991051454139
      },
      "legacy": {
        "recent_team_xga": 25.996919390723942,
        "recent_form": 15.505733356152662,
        "recent_saves": 14.975183980831764,
        "recent_goals_conceded": 11.654971761081637,
        "selected_by_percent": 11.552284785213075,
        "now_cost": 9.104911860345712,
        "recent_clean_sheets": 4.295738490501455,
        "opponent_strength": 3.337326715728222,
        "is_home": 3.0463802841006333,
        "recent_penalties_saved": 0.5305493753208967
      }
    },
    "DEF": {
      "goal": {
        "recent_team_xga": 19.68888888888889,
        "recent_influence": 18.68888888888889,
        "selected_by_percent": 13.844444444444445,
        "recent_threat": 11.88888888888889,
        "now_cost": 11.133333333333335,
        "recent_form": 9.333333333333334,
        "recent_goals_conceded": 6.377777777777778,
        "opponent_strength": 3.022222222222222,
        "recent_clean_sheets": 1.8222222222222224,
        "is_home": 1.7555555555555558,
        "recent_assists": 1.6888888888888887,
        "recent_goals_scored": 0.7555555555555555
      },
      "assist": {
        "recent_team_xga": 18.266666666666666,
        "recent_influence": 15.422222222222222,
        "recent_threat": 13.133333333333333,
        "recent_form": 12.066666666666666,
        "selected_by_percent": 11.666666666666666,
        "now_cost": 11.600000000000001,
        "recent_goals_conceded": 6.800000000000001,
        "opponent_strength": 3.6666666666666665,
        "recent_assists": 2.7555555555555555,
        "recent_clean_sheets": 2.155555555555556,
        "is_home": 1.6888888888888887,
        "recent_goals_scored": 0.7777777777777778
      },
      "cleansheet": {
        "recent_team_xga": 29.859719438877757,
        "recent_influence": 12.113115119127144,
        "selected_by_percent": 10.509908706301491,
        "now_cost": 9.48563794255177,
        "recent_goals_conceded": 8.862168782008462,
        "recent_threat": 8.795368514807393,
        "recent_form": 7.437096415052327,
        "opponent_strength": 5.0545535515475395,
        "recent_clean_sheets": 3.2286795813849927,
        "is_home": 2.6052104208416833,
        "recent_assists": 1.2024048096192386,
        "recent_goals_scored": 0.8461367178802048
      },
      "legacy": {
        "recent_team_xga": 18.566666666666666,
        "recent_influence": 14.7,
        "recent_threat": 13.266666666666666,
        "selected_by_percent": 11.533333333333333,
        "now_cost": 9.616666666666667,
        "recent_form": 9.4,
        "recent_goals_conceded": 9.316666666666666,
        "recent_clean_sheets": 3.5000000000000004,
        "opponent_strength": 3.35,
        "recent_assists": 2.666666666666667,
        "is_home": 2.1999999999999997,
        "recent_goals_scored": 1.8833333333333333
      }
    },
    "MID": {
      "goal": {
        "recent_team_xg": 12.444444444444445,
        "recent_creativity": 10.68888888888889,
        "recent_expected_assists": 8.622222222222224,
        "selected_by_percent": 8.4,
        "recent_threat": 8.355555555555554,
        "recent_influence": 8.333333333333332,
        "recent_expected_goals": 7.644444444444444,
        "recent_us_npxG_per90": 7.3999999999999995,
        "recent_form": 6.622222222222223,
        "recent_us_xA_per90": 5.311111111111111,
        "now_cost": 4.911111111111111,
        "recent_clean_sheets": 3.0,
        "recent_assists": 2.888888888888889,
        "opponent_strength": 2.3777777777777778,
        "recent_goals_scored": 1.511111111111111,
        "is_home": 1.488888888888889
      },
      "assist": {
        "recent_team_xg": 12.37090255949708,
        "recent_influence": 9.901212393354289,
        "recent_threat": 9.272563987427032,
        "recent_creativity": 8.778625954198473,
        "recent_expected_assists": 8.464301751234846,
        "recent_expected_goals": 8.239784463403682,
        "selected_by_percent": 7.880556802873821,
        "now_cost": 7.6111360574764255,
        "recent_us_xA_per90": 6.98248765154917,
        "recent_us_npxG_per90": 5.478221823080378,
        "recent_form": 4.602604400538842,
        "opponent_strength": 3.5024696901661425,
        "recent_clean_sheets": 2.896273013022003,
        "recent_assists": 1.953300404131118,
        "is_home": 1.21239335428828,
        "recent_goals_scored": 0.8531656937584194
      },
      "cleansheet": {
        "recent_team_xg": 21.433340752281328,
        "recent_creativity": 8.23503227242377,
        "recent_influence": 8.123748052526151,
        "recent_expected_goals": 7.723124860894726,
        "recent_threat": 6.832851101713777,
        "selected_by_percent": 6.43222791008235,
        "now_cost": 6.409971066102827,
        "recent_us_npxG_per90": 6.409971066102827,
        "recent_expected_assists": 5.9203204985533056,
        "recent_form": 5.853549966614734,
        "recent_us_xA_per90": 4.963276207433786,
        "recent_clean_sheets": 3.4720676608056977,
        "opponent_strength": 3.4498108168261736,
        "recent_assists": 2.2924549298909414,
        "is_home": 1.7582906743823727,
        "recent_goals_scored": 0.6899621633652349
      },
      "legacy": {
        "recent_threat": 11.033333333333333,
        "recent_team_xg": 10.533333333333333,
        "recent_creativity": 10.016666666666667,
        "recent_expected_assists": 9.6,
        "recent_expected_goals": 8.833333333333334,
        "recent_influence": 8.666666666666668,
        "selected_by_percent": 7.766666666666666,
        "recent_form": 6.4,
        "now_cost": 5.466666666666667,
        "recent_us_xA_per90": 4.75,
        "recent_us_npxG_per90": 4.65,
        "recent_clean_sheets": 3.3666666666666663,
        "recent_assists": 2.833333333333333,
        "recent_goals_scored": 2.283333333333333,
        "opponent_strength": 2.15,
        "is_home": 1.6500000000000001
      }
    },
    "FWD": {
      "goal": {
        "recent_team_xg": 15.873372249663223,
        "recent_expected_assists": 11.023798832510105,
        "recent_influence": 10.97889537494387,
        "recent_expected_goals": 10.97889537494387,
        "recent_threat": 10.125729681185451,
        "recent_form": 8.599012123933543,
        "selected_by_percent": 8.329591378536147,
        "now_cost": 6.623259991019309,
        "recent_us_npxG_per90": 4.984283789851818,
        "opponent_strength": 3.2555006735518637,
        "recent_us_xA_per90": 3.1432420296362817,
        "recent_assists": 2.334979793444095,
        "is_home": 2.1329142343960483,
        "recent_goals_scored": 1.6165244723843737
      },
      "assist": {
        "recent_team_xg": 15.206758559359715,
        "recent_threat": 13.361493997332147,
        "recent_influence": 11.538461538461538,
        "recent_expected_assists": 10.738105824811027,
        "recent_expected_goals": 9.20409070698088,
        "recent_form": 8.826144953312582,
        "now_cost": 8.248110271231658,
        "selected_by_percent": 6.491774121831925,
        "recent_us_npxG_per90": 4.313028012449978,
        "recent_us_xA_per90": 3.2236549577590043,
        "opponent_strength": 2.734548688305914,
        "recent_assists": 2.289906625166741,
        "is_home": 2.2454424188528237,
        "recent_goals_scored": 1.578479324144064
      },
      "legacy": {
        "recent_team_xg": 13.85855870989417,
        "recent_expected_goals": 12.34671594154208,
        "recent_threat": 12.11154039979842,