{
  "timestamp": "2026-03-19T18:41:14.809885",
  "models": {
    "GKP": {
      "cleansheet": {
        "recent_team_xga": 29.9888765294772,
        "now_cost": 13.770856507230256,
        "selected_by_percent": 13.370411568409343,
        "recent_saves": 13.192436040044495,
        "recent_form": 10.32258064516129,
        "recent_goals_conceded": 8.253615127919911,
        "opponent_strength": 4.671857619577309,
        "recent_clean_sheets": 3.181312569521691,
        "is_home": 2.8921023359288096,
        "recent_penalties_saved": 0.3559510567296997
      },
      "legacy": {
        "recent_team_xga": 26.176927056389033,
        "recent_saves": 15.088808415244007,
        "recent_form": 15.019831005345749,
        "selected_by_percent": 12.019313674771512,
        "recent_goals_conceded": 11.208829108466976,
        "now_cost": 9.053285049146405,
        "recent_clean_sheets": 4.138644593895499,
        "is_home": 3.241938265218141,
        "opponent_strength": 3.207449560269012,
        "recent_penalties_saved": 0.8449732712536644
      }
    },
    "DEF": {
      "goal": {
        "recent_team_xga": 18.91111111111111,
        "recent_influence": 17.955555555555556,
        "recent_threat": 13.555555555555557,
        "selected_by_percent": 13.311111111111112,
        "now_cost": 11.4,
        "recent_form": 9.755555555555556,
        "recent_goals_conceded": 7.177777777777777,
        "opponent_strength": 3.3333333333333335,
        "recent_assists": 1.6,
        "is_home": 1.2222222222222223,
        "recent_clean_sheets": 1.0888888888888888,
        "recent_goals_scored": 0.6888888888888889
      },
      "assist": {
        "recent_team_xga": 18.048455212269392,
        "recent_influence": 14.892198266281396,
        "recent_threat": 13.380751278061792,
        "selected_by_percent": 12.736163591909314,
        "recent_form": 11.958212936208046,
        "now_cost": 10.824627695043343,
        "recent_goals_conceded": 7.17937319404312,
        "opponent_strength": 3.511891531451434,
        "recent_assists": 2.7339408757501666,
        "is_home": 2.0671260280062236,
        "recent_clean_sheets": 1.9337630584574348,
        "recent_goals_scored": 0.7334963325183375
      },
      "cleansheet": {
        "recent_team_xga": 29.924073246985262,
        "selected_by_percent": 11.656989727556946,
        "recent_influence": 10.495757034390353,
        "now_cost": 9.602501116569897,
        "recent_goals_conceded": 9.557838320678874,
        "recent_threat": 8.664582402858418,
        "recent_form": 7.2353729343456905,
        "opponent_strength": 4.309959803483698,
        "recent_clean_sheets": 3.662349263063868,
        "is_home": 2.8584189370254576,
        "recent_assists": 1.563197856185797,
        "recent_goals_scored": 0.4689593568557392
      },
      "legacy": {
        "recent_team_xga": 17.883333333333333,
        "recent_influence": 15.083333333333334,
        "recent_threat": 14.066666666666666,
        "selected_by_percent": 11.466666666666667,
        "now_cost": 10.033333333333333,
        "recent_form": 9.266666666666666,
        "recent_goals_conceded": 9.033333333333333,
        "recent_clean_sheets": 3.4666666666666663,
        "opponent_strength": 3.15,
        "is_home": 2.4833333333333334,
        "recent_assists": 2.3,
        "recent_goals_scored": 1.7666666666666668
      }
    },
    "MID": {
      "goal": {
        "recent_team_xg": 12.911111111111111,
        "recent_creativity": 10.333333333333334,
        "recent_influence": 9.11111111111111,
        "selected_by_percent": 8.422222222222222,
        "recent_expected_assists": 8.288888888888888,
        "recent_expected_goals": 8.200000000000001,
        "recent_threat": 7.822222222222222,
        "recent_us_xA_per90": 6.933333333333333,
        "recent_us_npxG_per90": 6.4,
        "recent_form": 6.355555555555556,
        "now_cost": 4.0888888888888895,
        "recent_clean_sheets": 3.0,
        "opponent_strength": 2.4,
        "recent_assists": 2.2222222222222223,
        "is_home": 1.9555555555555555,
        "recent_goals_scored": 1.5555555555555556
      },
      "assist": {
        "recent_team_xg": 12.913980884641033,
        "recent_creativity": 10.468993109579907,
        "recent_influence": 10.180040008890865,
        "now_cost": 8.513002889531007,
        "recent_expected_goals": 8.290731273616359,
        "recent_threat": 8.06845965770171,
        "recent_expected_assists": 8.046232496110246,
        "selected_by_percent": 7.801733718604134,
        "recent_us_xA_per90": 6.4903311847077125,
        "recent_form": 5.0900200044454325,
        "recent_us_npxG_per90": 4.6010224494332075,
        "opponent_strength": 3.267392753945321,
        "recent_clean_sheets": 2.4672149366525895,
        "recent_assists": 1.8893087352745055,
        "recent_goals_scored": 1.0002222716159146,
        "is_home": 0.9113136252500555
      },
      "cleansheet": {
        "recent_team_xg": 21.11111111111111,
        "recent_creativity": 8.577777777777778,
        "recent_influence": 7.644444444444444,
        "now_cost": 7.5777777777777775,
        "recent_expected_goals": 7.5777777777777775,
        "recent_threat": 7.2666666666666675,
        "recent_us_npxG_per90": 6.977777777777777,
        "selected_by_percent": 6.577777777777778,
        "recent_expected_assists": 5.666666666666666,
        "recent_form": 5.2,
        "recent_us_xA_per90": 5.177777777777778,
        "opponent_strength": 3.288888888888889,
        "recent_clean_sheets": 3.155555555555556,
        "recent_assists": 2.1777777777777776,
        "is_home": 1.577777777777778,
        "recent_goals_scored": 0.4444444444444444
      },
      "legacy": {
        "recent_team_xg": 10.783333333333333,
        "recent_expected_assists": 10.549999999999999,
        "recent_threat": 10.416666666666668,
        "recent_expected_goals": 9.983333333333333,
        "recent_creativity": 9.233333333333334,
        "recent_influence": 8.85,
        "selected_by_percent": 8.0,
        "recent_form": 6.3,
        "now_cost": 5.866666666666666,
        "recent_us_npxG_per90": 4.116666666666666,
        "recent_us_xA_per90": 3.733333333333334,
        "recent_clean_sheets": 3.4666666666666663,
        "recent_goals_scored": 2.466666666666667,
        "recent_assists": 2.35,
        "opponent_strength": 2.25,
        "is_home": 1.633333333333333
      }
    },
    "FWD": {
      "goal": {
        "recent_team_xg": 15.971287572902648,
        "recent_influence": 10.610139075818752,
        "recent_expected_assists": 10.139075818752804,
        "recent_expected_goals": 9.62314939434724,
        "recent_threat": 9.466128308658591,
        "now_cost": 8.793180798564379,
        "selected_by_percent": 8.63615971287573,
        "recent_form": 8.591296545536114,
        "recent_us_npxG_per90": 5.002243158366981,
        "recent_us_xA_per90": 4.172274562584119,
        "opponent_strength": 3.768506056527591,
        "is_home": 1.9515477792732168,
        "recent_assists": 1.7048003589053389,
        "recent_goals_scored": 1.570210856886496
      },
      "assist": {
        "recent_team_xg": 15.367180417044423,
        "recent_influence": 11.990027198549411,
        "recent_threat": 11.740707162284677,
        "recent_expected_assists": 10.630099728014505,
        "recent_expected_goals": 9.746146872166818,
        "recent_form": 8.952855847688124,
        "now_cost": 7.547597461468722,
        "selected_by_percent": 6.9582955575702625,
        "recent_us_xA_per90": 4.034451495920218,
        "recent_us_npxG_per90": 3.8757932910244786,
        "opponent_strength": 2.6518585675430644,
        "recent_assists": 2.5385312783318223,
        "is_home": 2.1305530371713512,
        "recent_goals_scored": 1.8359020852221213
      },
      "legacy": {
        "recent_team_xg": 13.924903182353932,
        "recent_expected_goals": 12.981983498905539,
        "recent_influence": 12.106415221417748,
        "recent_threat": 11.954874558006399,