{
  "timestamp": "2026-04-17T12:54:07.354201",
  "models": {
    "GKP": {
      "cleansheet": {
        "recent_team_xga": 31.420947298198797,
        "selected_by_percent": 14.03157660662664,
        "recent_saves": 11.852346008450079,
        "now_cost": 11.78563486768957,
        "recent_form": 10.4736490993996,
        "recent_goals_conceded": 8.138759172781855,
        "opponent_strength": 5.470313542361574,
        "recent_clean_sheets": 3.3800311318656884,
        "is_home": 3.224371803424505,
        "recent_penalties_saved": 0.22237046920169004
      },
      "legacy": {
        "recent_team_xga": 26.811103588354772,
        "recent_form": 15.48747461069736,
        "recent_saves": 14.64116452268111,
        "selected_by_percent": 11.797562626946513,
        "recent_goals_conceded": 11.17129316181449,
        "now_cost": 8.920108327691265,
        "recent_clean_sheets": 4.062288422477995,
        "opponent_strength": 3.6560595802301963,
        "is_home": 2.877454299255247,
        "recent_penalties_saved": 0.5754908598510494
      }
    },
    "DEF": {
      "goal": {
        "recent_team_xga": 20.377777777777776,
        "recent_influence": 17.844444444444445,
        "selected_by_percent": 13.822222222222221,
        "recent_threat": 12.0,
        "now_cost": 10.933333333333334,
        "recent_form": 9.11111111111111,
        "recent_goals_conceded": 6.577777777777778,
        "opponent_strength": 3.4000000000000004,
        "recent_clean_sheets": 1.8222222222222224,
        "is_home": 1.577777777777778,
        "recent_assists": 1.3111111111111111,
        "recent_goals_scored": 1.2222222222222223
      },
      "assist": {
        "recent_team_xga": 19.555555555555557,
        "recent_influence": 15.777777777777777,
        "recent_threat": 12.28888888888889,
        "recent_form": 12.177777777777777,
        "selected_by_percent": 12.11111111111111,
        "now_cost": 10.355555555555556,
        "recent_goals_conceded": 6.555555555555556,
        "opponent_strength": 3.111111111111111,
        "recent_clean_sheets": 2.688888888888889,
        "recent_assists": 2.4,
        "is_home": 2.155555555555556,
        "recent_goals_scored": 0.8222222222222223
      },
      "cleansheet": {
        "recent_team_xga": 30.266666666666666,
        "recent_influence": 11.644444444444444,
        "selected_by_percent": 9.6,
        "now_cost": 9.088888888888889,
        "recent_goals_conceded": 9.088888888888889,
        "recent_form": 8.155555555555557,
        "recent_threat": 8.155555555555557,
        "opponent_strength": 5.288888888888889,
        "recent_clean_sheets": 3.3333333333333335,
        "is_home": 3.0,
        "recent_assists": 1.577777777777778,
        "recent_goals_scored": 0.8
      },
      "legacy": {
        "recent_team_xga": 19.766666666666666,
        "recent_influence": 15.683333333333332,
        "recent_threat": 12.4,
        "selected_by_percent": 10.716666666666667,
        "now_cost": 10.5,
        "recent_form": 9.466666666666667,
        "recent_goals_conceded": 9.066666666666666,
        "recent_clean_sheets": 3.6166666666666667,
        "opponent_strength": 3.1333333333333333,
        "recent_assists": 2.3166666666666664,
        "is_home": 1.9333333333333333,
        "recent_goals_scored": 1.4000000000000001
      }
    },
    "MID": {
      "goal": {
        "recent_team_xg": 12.155555555555555,
        "recent_creativity": 9.933333333333334,
        "recent_threat": 9.0,
        "selected_by_percent": 8.755555555555555,
        "recent_influence": 8.555555555555555,
        "recent_expected_assists": 8.466666666666667,
        "recent_expected_goals": 7.777777777777778,
        "recent_us_npxG_per90": 7.333333333333333,
        "recent_form": 6.355555555555556,
        "recent_us_xA_per90": 5.488888888888889,
        "now_cost": 4.488888888888889,
        "recent_clean_sheets": 3.2222222222222223,
        "opponent_strength": 2.8000000000000003,
        "recent_assists": 2.6444444444444444,
        "recent_goals_scored": 1.7111111111111112,
        "is_home": 1.3111111111111111
      },
      "assist": {
        "recent_team_xg": 13.726362625139043,
        "recent_creativity": 9.96662958843159,
        "recent_influence": 9.922135706340377,
        "recent_threat": 8.409343715239155,
        "selected_by_percent": 8.14238042269188,
        "now_cost": 7.986651835372636,
        "recent_expected_goals": 7.853170189098998,
        "recent_expected_assists": 7.719688542825362,
        "recent_us_xA_per90": 6.6518353726362625,
        "recent_us_npxG_per90": 5.317018909899889,
        "recent_form": 4.916573971078977,
        "opponent_strength": 2.803114571746385,
        "recent_clean_sheets": 2.4694104560622914,
        "recent_assists": 2.1134593993325916,
        "is_home": 1.067853170189099,
        "recent_goals_scored": 0.9343715239154617
      },
      "cleansheet": {
        "recent_team_xg": 21.488888888888887,
        "recent_creativity": 7.977777777777778,
        "now_cost": 7.5777777777777775,
        "recent_influence": 7.488888888888889,
        "recent_us_npxG_per90": 7.088888888888889,
        "recent_threat": 7.000000000000001,
        "selected_by_percent": 6.577777777777778,
        "recent_expected_goals": 6.355555555555556,
        "recent_us_xA_per90": 5.822222222222222,
        "recent_form": 5.666666666666666,
        "recent_expected_assists": 5.466666666666667,
        "opponent_strength": 3.5777777777777775,
        "recent_clean_sheets": 3.4666666666666663,
        "recent_assists": 1.9777777777777776,
        "is_home": 1.7999999999999998,
        "recent_goals_scored": 0.6666666666666667
      },
      "legacy": {
        "recent_threat": 11.166666666666666,
        "recent_team_xg": 10.883333333333333,
        "recent_expected_assists": 9.716666666666667,
        "recent_expected_goals": 9.383333333333335,
        "recent_creativity": 9.333333333333334,
        "recent_influence": 8.833333333333334,
        "selected_by_percent": 7.883333333333334,
        "recent_form": 6.25,
        "now_cost": 5.383333333333333,
        "recent_us_npxG_per90": 5.0,
        "recent_us_xA_per90": 4.083333333333333,
        "recent_clean_sheets": 3.15,
        "opponent_strength": 2.566666666666667,
        "recent_assists": 2.566666666666667,
        "recent_goals_scored": 2.166666666666667,
        "is_home": 1.633333333333333
      }
    },
    "FWD": {
      "goal": {
        "recent_team_xg": 15.837813620071683,
        "recent_expected_goals": 11.29032258064516,
        "recent_threat": 10.483870967741936,
        "recent_influence": 10.439068100358423,
        "recent_expected_assists": 10.237455197132617,
        "recent_form": 8.422939068100359,
        "selected_by_percent": 7.974910394265233,
        "now_cost": 7.39247311827957,
        "recent_us_npxG_per90": 5.600358422939069,
        "opponent_strength": 3.4722222222222223,
        "recent_us_xA_per90": 3.0017921146953404,
        "recent_assists": 2.5089605734767026,
        "is_home": 1.881720430107527,
        "recent_goals_scored": 1.4560931899641578
      },
      "assist": {
        "recent_team_xg": 14.311471715122831,
        "recent_influence": 13.162046427766509,
        "recent_threat": 12.553527157989633,
        "recent_expected_goals": 9.939148073022313,
        "recent_expected_assists": 9.758846067162496,
        "recent_form": 8.947487040793328,
        "now_cost": 8.42911877394636,
        "selected_by_percent": 5.747126436781609,
        "recent_us_npxG_per90": 4.823078656750057,
        "recent_us_xA_per90": 3.583502366463827,
        "opponent_strength": 2.817218841559612,
        "is_home": 2.2537750732476898,
        "recent_assists": 2.050935316655398,
        "recent_goals_scored": 1.6227180527383367
      },
      "legacy": {
        "recent_team_xg": 14.474123539232053,
        "recent_expected_goals": 12.83806343906511,
        "recent_threat": 12.086811352253758,