{
  "timestamp": "2026-05-23T18:53:12.152049",
  "models": {
    "GKP": {
      "cleansheet": {
        "recent_team_xga": 31.97583351980309,
        "selected_by_percent": 14.343253524278362,
        "recent_saves": 11.83710002237637,
        "now_cost": 11.725218169612889,
        "recent_form": 9.375699261579772,
        "recent_goals_conceded": 8.256880733944955,
        "opponent_strength": 5.482210785410606,
        "recent_clean_sheets": 3.6921011411948976,
        "is_home": 2.9984336540613112,
        "recent_penalties_saved": 0.3132691877377489
      },
      "legacy": {
        "recent_team_xga": 26.69812910837687,
        "recent_form": 15.675037923478847,
        "recent_saves": 13.635597505477836,
        "recent_goals_conceded": 12.152368110568009,
        "selected_by_percent": 11.34333389516265,
        "now_cost": 9.01736052587224,
        "recent_clean_sheets": 3.9440418001011293,
        "opponent_strength": 3.4383954154727796,
        "is_home": 3.1012978257205464,
        "recent_penalties_saved": 0.9944378897690882
      }
    },
    "DEF": {
      "goal": {
        "recent_team_xga": 20.333333333333332,
        "recent_influence": 17.533333333333335,
        "selected_by_percent": 12.8,
        "now_cost": 11.755555555555555,
        "recent_threat": 11.333333333333332,
        "recent_form": 8.933333333333334,
        "recent_goals_conceded": 7.199999999999999,
        "opponent_strength": 3.6888888888888887,
        "is_home": 2.111111111111111,
        "recent_assists": 1.7555555555555558,
        "recent_clean_sheets": 1.6888888888888887,
        "recent_goals_scored": 0.8666666666666666
      },
      "assist": {
        "recent_team_xga": 19.0,
        "recent_influence": 15.533333333333331,
        "recent_threat": 13.666666666666666,
        "recent_form": 11.977777777777778,
        "now_cost": 11.755555555555555,
        "selected_by_percent": 11.644444444444444,
        "recent_goals_conceded": 6.066666666666666,
        "opponent_strength": 2.9555555555555557,
        "is_home": 2.3333333333333335,
        "recent_assists": 2.0444444444444447,
        "recent_clean_sheets": 1.9777777777777776,
        "recent_goals_scored": 1.0444444444444443
      },
      "cleansheet": {
        "recent_team_xga": 29.444444444444446,
        "recent_influence": 12.88888888888889,
        "now_cost": 9.933333333333334,
        "selected_by_percent": 9.466666666666667,
        "recent_goals_conceded": 8.688888888888888,
        "recent_threat": 8.511111111111111,
        "recent_form": 6.866666666666667,
        "opponent_strength": 4.955555555555556,
        "recent_clean_sheets": 3.288888888888889,
        "is_home": 3.177777777777778,
        "recent_assists": 1.5333333333333332,
        "recent_goals_scored": 1.2444444444444445
      },
      "legacy": {
        "recent_team_xga": 18.5,
        "recent_influence": 15.016666666666667,
        "recent_threat": 13.783333333333333,
        "selected_by_percent": 11.566666666666666,
        "now_cost": 9.916666666666666,
        "recent_form": 9.816666666666666,
        "recent_goals_conceded": 7.716666666666666,
        "opponent_strength": 3.75,
        "recent_clean_sheets": 3.25,
        "recent_assists": 2.933333333333333,
        "is_home": 2.45,
        "recent_goals_scored": 1.3
      }
    },
    "MID": {
      "goal": {
        "recent_team_xg": 11.977777777777778,
        "recent_creativity": 10.177777777777777,
        "selected_by_percent": 9.222222222222221,
        "recent_expected_assists": 8.466666666666667,
        "recent_influence": 8.31111111111111,
        "recent_threat": 8.244444444444445,
        "recent_us_npxG_per90": 8.088888888888889,
        "recent_expected_goals": 7.9111111111111105,
        "recent_form": 6.2,
        "recent_us_xA_per90": 5.511111111111111,
        "now_cost": 5.488888888888889,
        "opponent_strength": 2.9555555555555557,
        "recent_clean_sheets": 2.533333333333333,
        "recent_assists": 1.866666666666667,
        "recent_goals_scored": 1.6222222222222222,
        "is_home": 1.4222222222222223
      },
      "assist": {
        "recent_team_xg": 13.337801608579088,
        "recent_influence": 10.902591599642538,
        "recent_creativity": 9.785522788203753,
        "recent_expected_assists": 9.472743521000893,
        "selected_by_percent": 8.288650580875782,
        "recent_threat": 7.953529937444147,
        "recent_expected_goals": 7.484361036639857,
        "now_cost": 7.3503127792672025,
        "recent_us_xA_per90": 6.613047363717604,
        "recent_us_npxG_per90": 5.138516532618409,
        "recent_form": 4.088471849865952,
        "opponent_strength": 3.5075960679177833,
        "recent_clean_sheets": 2.4128686327077746,
        "recent_assists": 1.742627345844504,
        "is_home": 1.0723860589812333,
        "recent_goals_scored": 0.8489722966934763
      },
      "cleansheet": {
        "recent_team_xg": 20.093457943925234,
        "recent_influence": 8.388963061860258,
        "recent_creativity": 7.8549176680017805,
        "recent_threat": 7.432131731197152,
        "selected_by_percent": 7.1206052514463725,
        "recent_expected_goals": 7.031597685803294,
        "now_cost": 6.631063640409435,
        "recent_us_npxG_per90": 6.608811748998665,
        "recent_expected_assists": 5.740987983978639,
        "recent_us_xA_per90": 5.496217178460169,
        "recent_form": 5.4072096128170895,
        "opponent_strength": 3.8273253226524258,
        "recent_clean_sheets": 3.3155318202047175,
        "recent_assists": 2.58121940364931,
        "is_home": 1.602136181575434,
        "recent_goals_scored": 0.8678237650200267
      },
      "legacy": {
        "recent_threat": 10.766666666666666,
        "recent_expected_assists": 9.9,
        "recent_influence": 9.783333333333333,
        "recent_creativity": 9.700000000000001,
        "recent_team_xg": 9.6,
        "recent_expected_goals": 9.1,
        "selected_by_percent": 8.133333333333333,
        "recent_form": 6.3,
        "now_cost": 5.266666666666667,
        "recent_us_npxG_per90": 4.8500000000000005,
        "recent_us_xA_per90": 4.166666666666666,
        "recent_clean_sheets": 3.3333333333333335,
        "opponent_strength": 2.7333333333333334,
        "recent_goals_scored": 2.433333333333333,
        "recent_assists": 2.3666666666666667,
        "is_home": 1.5666666666666667
      }
    },
    "FWD": {
      "goal": {
        "recent_team_xg": 16.30143112701252,
        "recent_threat": 11.225402504472273,
        "recent_expected_goals": 10.912343470483005,
        "recent_influence": 10.37567084078712,
        "recent_expected_assists": 10.286225402504472,
        "recent_form": 9.056350626118068,
        "selected_by_percent": 8.296064400715563,
        "now_cost": 6.596601073345259,
        "recent_us_npxG_per90": 4.47227191413238,
        "recent_us_xA_per90": 3.510733452593918,
        "opponent_strength": 2.974060822898032,
        "recent_goals_scored": 2.169051878354204,
        "recent_assists": 1.9901610017889086,
        "is_home": 1.8336314847942754
      },
      "assist": {
        "recent_team_xg": 14.972067039106147,
        "recent_threat": 12.156424581005588,
        "recent_influence": 11.88826815642458,
        "recent_expected_goals": 10.256983240223464,
        "recent_expected_assists": 9.720670391061452,
        "recent_form": 8.871508379888269,
        "now_cost": 8.737430167597765,
        "selected_by_percent": 7.307262569832402,
        "recent_us_npxG_per90": 4.5139664804469275,
        "recent_us_xA_per90": 4.156424581005587,
        "opponent_strength": 2.100558659217877,
        "is_home": 2.0558659217877095,
        "recent_goals_scored": 1.9664804469273742,
        "recent_assists": 1.2960893854748603
      },
      "legacy": {
        "recent_team_xg": 13.744552463962453,
        "recent_threat": 13.509889373114314,
        "recent_expected_goals": 12.554475360375461,