{
  "timestamp": "2026-03-02T18:32:21.135083",
  "models": {
    "GKP": {
      "cleansheet": {
        "recent_team_xga": 27.77777777777778,
        "selected_by_percent": 13.577777777777778,
        "recent_saves": 13.333333333333334,
        "now_cost": 11.777777777777777,
        "recent_form": 11.244444444444444,
        "recent_goals_conceded": 9.755555555555556,
        "opponent_strength": 4.377777777777777,
        "recent_clean_sheets": 3.9555555555555553,
        "is_home": 3.3333333333333335,
        "recent_penalties_saved": 0.8666666666666666
      },
      "legacy": {
        "recent_team_xga": 25.747790618626787,
        "recent_form": 15.94153636981645,
        "recent_saves": 15.39768864717879,
        "recent_goals_conceded": 11.131883072739633,
        "selected_by_percent": 10.910944935418083,
        "now_cost": 8.93949694085656,
        "recent_clean_sheets": 4.163834126444596,
        "is_home": 3.467029231815092,
        "opponent_strength": 3.3480625424881034,
        "recent_penalties_saved": 0.9517335146159076
      }
    },
    "DEF": {
      "goal": {
        "recent_team_xga": 19.644444444444446,
        "recent_influence": 16.6,
        "selected_by_percent": 13.933333333333334,
        "recent_threat": 13.355555555555556,
        "now_cost": 11.177777777777779,
        "recent_form": 8.422222222222222,
        "recent_goals_conceded": 7.622222222222222,
        "opponent_strength": 2.688888888888889,
        "is_home": 2.0,
        "recent_assists": 1.9777777777777776,
        "recent_clean_sheets": 1.5555555555555556,
        "recent_goals_scored": 1.0222222222222224
      },
      "assist": {
        "recent_team_xga": 18.133333333333333,
        "recent_influence": 15.2,
        "recent_threat": 13.8,
        "recent_form": 12.133333333333333,
        "selected_by_percent": 11.88888888888889,
        "now_cost": 10.355555555555556,
        "recent_goals_conceded": 7.488888888888889,
        "opponent_strength": 3.711111111111111,
        "recent_assists": 2.4,
        "recent_clean_sheets": 2.2888888888888888,
        "is_home": 1.7999999999999998,
        "recent_goals_scored": 0.8
      },
      "cleansheet": {
        "recent_team_xga": 28.57777777777778,
        "recent_influence": 11.622222222222224,
        "selected_by_percent": 10.68888888888889,
        "now_cost": 9.222222222222221,
        "recent_threat": 9.088888888888889,
        "recent_goals_conceded": 9.066666666666666,
        "recent_form": 7.822222222222222,
        "opponent_strength": 4.733333333333333,
        "recent_clean_sheets": 3.911111111111111,
        "is_home": 3.022222222222222,
        "recent_assists": 1.5555555555555556,
        "recent_goals_scored": 0.6888888888888889
      },
      "legacy": {
        "recent_team_xga": 17.549999999999997,
        "recent_influence": 14.916666666666668,
        "recent_threat": 13.516666666666666,
        "selected_by_percent": 11.016666666666666,
        "now_cost": 10.383333333333333,
        "recent_form": 10.116666666666667,
        "recent_goals_conceded": 9.133333333333333,
        "opponent_strength": 3.6333333333333337,
        "recent_clean_sheets": 3.183333333333333,
        "recent_assists": 2.433333333333333,
        "is_home": 2.4166666666666665,
        "recent_goals_scored": 1.7000000000000002
      }
    },
    "MID": {
      "goal": {
        "recent_team_xg": 12.022222222222222,
        "recent_creativity": 10.022222222222222,
        "selected_by_percent": 8.88888888888889,
        "recent_expected_assists": 8.777777777777777,
        "recent_influence": 8.622222222222224,
        "recent_expected_goals": 8.488888888888889,
        "recent_threat": 8.355555555555554,
        "recent_us_xA_per90": 6.644444444444445,
        "recent_us_npxG_per90": 6.266666666666667,
        "recent_form": 6.044444444444444,
        "now_cost": 4.711111111111111,
        "recent_clean_sheets": 2.822222222222222,
        "opponent_strength": 2.577777777777778,
        "recent_assists": 2.1333333333333333,
        "is_home": 2.0444444444444447,
        "recent_goals_scored": 1.577777777777778
      },
      "assist": {
        "recent_team_xg": 13.333333333333334,
        "recent_creativity": 10.755555555555556,
        "recent_expected_goals": 9.244444444444444,
        "recent_influence": 9.022222222222222,
        "now_cost": 8.777777777777777,
        "recent_expected_assists": 8.377777777777778,
        "recent_threat": 8.222222222222223,
        "selected_by_percent": 7.355555555555555,
        "recent_form": 5.7555555555555555,
        "recent_us_xA_per90": 5.666666666666666,
        "recent_us_npxG_per90": 4.133333333333333,
        "opponent_strength": 2.822222222222222,
        "recent_clean_sheets": 2.4444444444444446,
        "recent_assists": 2.1777777777777776,
        "is_home": 1.0444444444444443,
        "recent_goals_scored": 0.8666666666666666
      },
      "cleansheet": {
        "recent_team_xg": 20.14692787177204,
        "recent_influence": 8.971504897595725,
        "recent_creativity": 8.437221727515583,
        "now_cost": 7.257346393588603,
        "recent_expected_goals": 6.9234194122885135,
        "selected_by_percent": 6.7898486197684775,
        "recent_threat": 6.455921638468388,
        "recent_expected_assists": 6.411398040961709,
        "recent_us_npxG_per90": 5.8103294746215495,
        "recent_us_xA_per90": 5.699020480854853,
        "recent_form": 5.1647373107747105,
        "opponent_strength": 3.517364203027604,
        "recent_clean_sheets": 3.4283170080142478,
        "is_home": 2.0480854853072126,
        "recent_assists": 2.0258236865538737,
        "recent_goals_scored": 0.9127337488869101
      },
      "legacy": {
        "recent_threat": 10.4,
        "recent_expected_assists": 10.4,
        "recent_expected_goals": 10.216666666666667,
        "recent_team_xg": 9.933333333333334,
        "recent_creativity": 9.833333333333332,
        "recent_influence": 9.533333333333333,
        "selected_by_percent": 7.666666666666666,
        "recent_form": 6.366666666666666,
        "now_cost": 5.4,
        "recent_us_npxG_per90": 4.9,
        "recent_us_xA_per90": 3.883333333333333,
        "recent_clean_sheets": 3.45,
        "opponent_strength": 2.35,
        "recent_goals_scored": 2.1999999999999997,
        "recent_assists": 1.95,
        "is_home": 1.5166666666666666
      }
    },
    "FWD": {
      "goal": {
        "recent_team_xg": 16.29679444070836,
        "recent_expected_goals": 11.028917283120377,
        "recent_influence": 10.759919300605246,
        "recent_expected_assists": 10.737502802062318,
        "recent_threat": 9.168347904057386,
        "selected_by_percent": 8.8545169244564,
        "recent_form": 8.518269446312486,
        "now_cost": 8.47343644922663,
        "recent_us_npxG_per90": 4.931629679444071,
        "recent_us_xA_per90": 3.295225285810356,
        "opponent_strength": 3.1158932974669358,
        "is_home": 1.815736381977135,
        "recent_goals_scored": 1.77090338489128,
        "recent_assists": 1.2329074198610177
      },
      "assist": {
        "recent_team_xg": 14.622222222222222,
        "recent_expected_goals": 13.0,
        "recent_influence": 12.577777777777776,
        "recent_threat": 10.822222222222223,
        "recent_expected_assists": 10.066666666666666,
        "recent_form": 8.422222222222222,
        "now_cost": 8.177777777777779,
        "selected_by_percent": 6.977777777777777,
        "recent_us_npxG_per90": 4.288888888888889,
        "opponent_strength": 3.111111111111111,
        "recent_us_xA_per90": 3.111111111111111,
        "is_home": 2.2888888888888888,
        "recent_goals_scored": 1.4444444444444444,
        "recent_assists": 1.0888888888888888
      },
      "legacy": {
        "recent_team_xg": 14.944649446494465,
        "recent_expected_goals": 13.082858101308286,
        "recent_threat": 12.74740020127474,
        "recent_influence": 12.110030191211003,