{
  "timestamp": "2026-03-06T07:11:18.154324",
  "models": {
    "GKP": {
      "cleansheet": {
        "recent_team_xga": 30.443503454423894,
        "selected_by_percent": 13.550256295966124,
        "recent_saves": 13.327390238466682,
        "now_cost": 11.477601961221307,
        "recent_form": 9.404947626476487,
        "recent_goals_conceded": 9.070648540227323,
        "opponent_strength": 5.326498774236684,
        "is_home": 3.9670158234900823,
        "recent_clean_sheets": 3.1424114107421444,
        "recent_penalties_saved": 0.2897258747492757
      },
      "legacy": {
        "recent_team_xga": 26.746540668241646,
        "recent_form": 15.507931150860616,
        "recent_saves": 14.731690853864327,
        "selected_by_percent": 11.441106986162673,
        "recent_goals_conceded": 11.272359095511305,
        "now_cost": 9.230509618629767,
        "recent_clean_sheets": 3.712453594330071,
        "opponent_strength": 3.5605804927438407,
        "is_home": 2.8687141410732364,
        "recent_penalties_saved": 0.9281133985825177
      }
    },
    "DEF": {
      "goal": {
        "recent_team_xga": 20.177777777777777,
        "recent_influence": 17.244444444444447,
        "selected_by_percent": 14.222222222222221,
        "recent_threat": 13.0,
        "now_cost": 11.577777777777778,
        "recent_form": 8.4,
        "recent_goals_conceded": 6.800000000000001,
        "opponent_strength": 3.5111111111111115,
        "recent_assists": 1.6444444444444446,
        "recent_clean_sheets": 1.4222222222222223,
        "is_home": 1.0444444444444443,
        "recent_goals_scored": 0.9555555555555555
      },
      "assist": {
        "recent_team_xga": 19.577308120133484,
        "recent_influence": 15.728587319243603,
        "recent_threat": 12.391546162402669,
        "selected_by_percent": 11.946607341490544,
        "recent_form": 11.813125695216907,
        "now_cost": 10.789766407119021,
        "recent_goals_conceded": 6.763070077864293,
        "opponent_strength": 3.915461624026696,
        "recent_clean_sheets": 2.402669632925473,
        "recent_assists": 2.046718576195773,
        "is_home": 1.935483870967742,
        "recent_goals_scored": 0.6896551724137931
      },
      "cleansheet": {
        "recent_team_xga": 28.57142857142857,
        "recent_influence": 11.383928571428571,
        "selected_by_percent": 11.227678571428571,
        "now_cost": 10.15625,
        "recent_threat": 9.53125,
        "recent_goals_conceded": 8.638392857142858,
        "recent_form": 7.209821428571428,
        "opponent_strength": 4.977678571428571,
        "is_home": 3.2366071428571432,
        "recent_clean_sheets": 3.0357142857142856,
        "recent_assists": 1.4285714285714286,
        "recent_goals_scored": 0.6026785714285715
      },
      "legacy": {
        "recent_team_xga": 18.883333333333333,
        "recent_influence": 14.549999999999999,
        "recent_threat": 13.15,
        "selected_by_percent": 11.516666666666667,
        "now_cost": 10.566666666666666,
        "recent_goals_conceded": 9.1,
        "recent_form": 8.566666666666666,
        "recent_clean_sheets": 3.733333333333334,
        "opponent_strength": 3.3833333333333333,
        "recent_assists": 2.6166666666666667,
        "is_home": 2.3833333333333333,
        "recent_goals_scored": 1.55
      }
    },
    "MID": {
      "goal": {
        "recent_team_xg": 12.413793103448276,
        "recent_creativity": 9.699666295884315,
        "recent_expected_goals": 9.454949944382648,
        "recent_expected_assists": 8.342602892102335,
        "selected_by_percent": 8.2091212458287,
        "recent_influence": 7.830923248053392,
        "recent_threat": 7.741935483870968,
        "recent_us_npxG_per90": 6.629588431590657,
        "recent_form": 6.3848720800889875,
        "recent_us_xA_per90": 6.229143492769744,
        "now_cost": 5.027808676307008,
        "recent_clean_sheets": 3.0478309232480534,
        "opponent_strength": 2.602892102335929,
        "recent_assists": 2.5583982202447166,
        "is_home": 1.9799777530589546,
        "recent_goals_scored": 1.846496106785317
      },
      "assist": {
        "recent_team_xg": 13.184855233853007,
        "recent_creativity": 10.400890868596882,
        "recent_expected_goals": 9.599109131403118,
        "recent_influence": 9.042316258351892,
        "recent_expected_assists": 8.463251670378618,
        "now_cost": 8.017817371937639,
        "recent_threat": 7.839643652561247,
        "selected_by_percent": 7.171492204899778,
        "recent_us_xA_per90": 5.902004454342984,
        "recent_form": 5.657015590200445,
        "recent_us_npxG_per90": 4.632516703786192,
        "opponent_strength": 2.9621380846325165,
        "recent_clean_sheets": 2.3608017817371936,
        "recent_assists": 2.293986636971047,
        "is_home": 1.5144766146993318,
        "recent_goals_scored": 0.957683741648107
      },
      "cleansheet": {
        "recent_team_xg": 20.346897931954636,
        "recent_creativity": 9.384033800311318,
        "recent_influence": 8.45007782966422,
        "now_cost": 7.471647765176785,
        "recent_us_npxG_per90": 6.89348454525239,
        "selected_by_percent": 6.7155881698910385,
        "recent_threat": 6.6488770291305315,
        "recent_expected_goals": 6.337558372248166,
        "recent_expected_assists": 6.204136090727151,
        "recent_form": 5.714921058483434,
        "recent_us_xA_per90": 4.825439181676673,
        "recent_clean_sheets": 3.224371803424505,
        "opponent_strength": 3.0464754280631534,
        "recent_assists": 2.0902824104958864,
        "is_home": 1.9346230820547032,
        "recent_goals_scored": 0.711585501445408
      },
      "legacy": {
        "recent_threat": 10.683333333333334,
        "recent_team_xg": 10.05,
        "recent_expected_assists": 9.683333333333334,
        "recent_influence": 9.516666666666666,
        "recent_expected_goals": 9.5,
        "recent_creativity": 9.283333333333333,
        "selected_by_percent": 7.816666666666666,
        "recent_form": 6.950000000000001,
        "now_cost": 5.4,
        "recent_us_npxG_per90": 5.166666666666667,
        "recent_us_xA_per90": 3.833333333333333,
        "recent_clean_sheets": 3.2333333333333334,
        "recent_assists": 2.533333333333333,
        "opponent_strength": 2.4833333333333334,
        "recent_goals_scored": 2.35,
        "is_home": 1.5166666666666666
      }
    },
    "FWD": {
      "goal": {
        "recent_team_xg": 16.58852422415718,
        "recent_expected_assists": 11.386470194239786,
        "recent_influence": 11.34181736994865,
        "recent_expected_goals": 10.649698593436034,
        "recent_threat": 9.60035722259433,
        "selected_by_percent": 8.260772493860237,
        "recent_form": 8.193793257423533,
        "now_cost": 8.149140433132395,
        "recent_us_npxG_per90": 5.001116320607278,
        "opponent_strength": 3.3936146461263674,
        "recent_us_xA_per90": 2.9917392275061396,
        "recent_assists": 1.518196025898638,
        "recent_goals_scored": 1.4958696137530698,
        "is_home": 1.4288903773163653
      },
      "assist": {
        "recent_team_xg": 15.501244625480878,
        "recent_threat": 11.224258882100022,
        "recent_influence": 10.635890472957684,
        "recent_expected_goals": 10.364335822584295,
        "recent_expected_assists": 10.070151618013124,
        "recent_form": 9.481783208870786,
        "now_cost": 7.739307535641547,
        "selected_by_percent": 7.626159764652636,
        "recent_us_xA_per90": 4.163837972391944,
        "recent_us_npxG_per90": 3.620728671645169,
        "opponent_strength": 3.122878479293958,
        "recent_assists": 2.2629554197782302,
        "is_home": 2.127178094591536,
        "recent_goals_scored": 2.0592894319981894
      },
      "legacy": {
        "recent_team_xg": 14.809850896297538,
        "recent_threat": 13.35232032166192,
        "recent_influence": 12.564918746858769,