{
  "timestamp": "2026-05-14T19:26:41.800176",
  "models": {
    "GKP": {
      "cleansheet": {
        "recent_team_xga": 31.43692376883292,
        "selected_by_percent": 13.267371261524625,
        "recent_saves": 12.210478974589611,
        "now_cost": 12.030582415111311,
        "recent_form": 10.366539239937037,
        "recent_goals_conceded": 8.342702945806161,
        "opponent_strength": 5.2170002248706995,
        "recent_clean_sheets": 3.642905329435574,
        "is_home": 3.035754441196312,
        "recent_penalties_saved": 0.44974139869574997
      },
      "legacy": {
        "recent_team_xga": 26.78814713896458,
        "recent_form": 14.969346049046322,
        "recent_saves": 14.339237057220707,
        "recent_goals_conceded": 11.869891008174386,
        "selected_by_percent": 11.069482288828338,
        "now_cost": 9.1791553133515,
        "recent_clean_sheets": 4.257493188010899,
        "opponent_strength": 3.5081743869209805,
        "is_home": 3.0653950953678475,
        "recent_penalties_saved": 0.9536784741144414
      }
    },
    "DEF": {
      "goal": {
        "recent_team_xga": 20.11111111111111,
        "recent_influence": 17.866666666666667,
        "selected_by_percent": 12.422222222222222,
        "now_cost": 11.31111111111111,
        "recent_threat": 11.244444444444444,
        "recent_form": 9.533333333333333,
        "recent_goals_conceded": 7.733333333333333,
        "opponent_strength": 3.2444444444444445,
        "is_home": 2.1999999999999997,
        "recent_assists": 1.7555555555555558,
        "recent_clean_sheets": 1.6888888888888887,
        "recent_goals_scored": 0.8888888888888888
      },
      "assist": {
        "recent_team_xga": 20.155555555555555,
        "recent_influence": 14.266666666666666,
        "recent_threat": 12.933333333333334,
        "now_cost": 12.8,
        "selected_by_percent": 11.31111111111111,
        "recent_form": 11.177777777777779,
        "recent_goals_conceded": 7.044444444444445,
        "opponent_strength": 2.7555555555555555,
        "is_home": 2.2444444444444445,
        "recent_clean_sheets": 2.2222222222222223,
        "recent_assists": 2.1999999999999997,
        "recent_goals_scored": 0.8888888888888888
      },
      "cleansheet": {
        "recent_team_xga": 28.42222222222222,
        "recent_influence": 13.733333333333334,
        "now_cost": 9.4,
        "selected_by_percent": 9.177777777777777,
        "recent_goals_conceded": 9.133333333333333,
        "recent_threat": 8.911111111111111,
        "recent_form": 7.044444444444445,
        "opponent_strength": 5.111111111111112,
        "recent_clean_sheets": 3.4222222222222225,
        "is_home": 2.9555555555555557,
        "recent_assists": 1.6222222222222222,
        "recent_goals_scored": 1.0666666666666667
      },
      "legacy": {
        "recent_team_xga": 17.483333333333334,
        "recent_influence": 15.299999999999999,
        "recent_threat": 13.433333333333334,
        "selected_by_percent": 12.033333333333333,
        "now_cost": 10.083333333333332,
        "recent_form": 9.4,
        "recent_goals_conceded": 8.683333333333334,
        "opponent_strength": 3.5000000000000004,
        "recent_clean_sheets": 3.183333333333333,
        "recent_assists": 3.1,
        "is_home": 2.433333333333333,
        "recent_goals_scored": 1.3666666666666667
      }
    },
    "MID": {
      "goal": {
        "recent_team_xg": 12.644444444444444,
        "recent_creativity": 9.622222222222222,
        "recent_threat": 9.555555555555555,
        "recent_expected_assists": 9.088888888888889,
        "selected_by_percent": 8.71111111111111,
        "recent_influence": 8.622222222222224,
        "recent_us_npxG_per90": 8.022222222222222,
        "recent_form": 6.533333333333332,
        "recent_expected_goals": 6.466666666666667,
        "recent_us_xA_per90": 5.822222222222222,
        "now_cost": 4.888888888888889,
        "opponent_strength": 2.711111111111111,
        "recent_clean_sheets": 2.4444444444444446,
        "recent_assists": 2.111111111111111,
        "recent_goals_scored": 1.4444444444444444,
        "is_home": 1.3111111111111111
      },
      "assist": {
        "recent_team_xg": 12.783135232114823,
        "recent_creativity": 10.204081632653061,
        "recent_influence": 9.845256784032294,
        "recent_threat": 8.768782238169994,
        "recent_expected_assists": 8.656649472976003,
        "selected_by_percent": 8.522090154743216,
        "now_cost": 8.27539807131644,
        "recent_expected_goals": 7.4231890558421165,
        "recent_us_xA_per90": 6.727965911639382,
        "recent_us_npxG_per90": 5.045974433729536,
        "recent_form": 4.507737160798386,
        "opponent_strength": 3.274276743664499,
        "recent_clean_sheets": 2.0408163265306123,
        "recent_assists": 1.9062570082978247,
        "is_home": 1.009194886745907,
        "recent_goals_scored": 1.009194886745907
      },
      "cleansheet": {
        "recent_team_xg": 20.977777777777778,
        "recent_influence": 8.133333333333333,
        "recent_creativity": 8.0,
        "now_cost": 7.355555555555555,
        "recent_threat": 7.155555555555555,
        "recent_us_npxG_per90": 6.71111111111111,
        "selected_by_percent": 6.6000000000000005,
        "recent_expected_goals": 6.6000000000000005,
        "recent_us_xA_per90": 6.0,
        "recent_expected_assists": 5.577777777777778,
        "recent_form": 5.444444444444444,
        "opponent_strength": 3.6888888888888887,
        "recent_clean_sheets": 3.3333333333333335,
        "recent_assists": 2.2666666666666666,
        "is_home": 1.5333333333333332,
        "recent_goals_scored": 0.6222222222222222
      },
      "legacy": {
        "recent_threat": 10.766666666666666,
        "recent_expected_assists": 10.466666666666667,
        "recent_team_xg": 10.25,
        "recent_creativity": 9.3,
        "recent_influence": 8.9,
        "recent_expected_goals": 8.716666666666667,
        "selected_by_percent": 8.166666666666666,
        "recent_form": 6.533333333333332,
        "now_cost": 5.666666666666666,
        "recent_us_npxG_per90": 4.9,
        "recent_us_xA_per90": 4.5,
        "recent_clean_sheets": 2.8666666666666667,
        "opponent_strength": 2.5833333333333335,
        "recent_goals_scored": 2.4833333333333334,
        "recent_assists": 2.45,
        "is_home": 1.4500000000000002
      }
    },
    "FWD": {
      "goal": {
        "recent_team_xg": 16.677814938684506,
        "recent_threat": 11.192865105908584,
        "recent_expected_goals": 10.947603121516165,
        "recent_influence": 10.546265328874025,
        "recent_expected_assists": 10.256410256410255,
        "recent_form": 8.717948717948717,
        "selected_by_percent": 8.494983277591974,
        "now_cost": 6.577480490523968,
        "recent_us_npxG_per90": 4.3478260869565215,
        "recent_us_xA_per90": 3.9687848383500555,
        "opponent_strength": 2.74247491638796,
        "is_home": 2.0735785953177257,
        "recent_assists": 1.9620958751393536,
        "recent_goals_scored": 1.4938684503901896
      },
      "assist": {
        "recent_team_xg": 15.680142952870227,
        "recent_threat": 12.553048916685281,
        "recent_influence": 11.45856600402055,
        "recent_expected_goals": 10.207728389546572,
        "recent_form": 9.314272950636587,
        "recent_expected_assists": 9.046236318963592,
        "now_cost": 8.175117266026357,
        "selected_by_percent": 7.482689300871119,
        "recent_us_xA_per90": 4.400268036631673,
        "recent_us_npxG_per90": 4.288586106767925,
        "opponent_strength": 2.0326111235202142,
        "is_home": 1.8985928076837169,
        "recent_goals_scored": 1.7869108778199687,
        "recent_assists": 1.6752289479562206
      },
      "legacy": {
        "recent_team_xg": 13.909837439249204,
        "recent_threat": 12.90430702195408,
        "recent_expected_goals": 12.485336014747778,