{
  "timestamp": "2026-05-02T11:57:45.990837",
  "models": {
    "GKP": {
      "cleansheet": {
        "recent_team_xga": 32.74060902422761,
        "recent_saves": 12.602800622360524,
        "selected_by_percent": 12.336074683262947,
        "now_cost": 12.180484552122694,
        "recent_form": 10.180040008890865,
        "recent_goals_conceded": 8.335185596799288,
        "opponent_strength": 5.178928650811292,
        "recent_clean_sheets": 3.4452100466770395,
        "is_home": 2.7561680373416313,
        "recent_penalties_saved": 0.24449877750611246
      },
      "legacy": {
        "recent_team_xga": 25.507745266781413,
        "recent_form": 15.387263339070568,
        "recent_saves": 15.283993115318417,
        "recent_goals_conceded": 12.203098106712565,
        "selected_by_percent": 11.222030981067126,
        "now_cost": 9.363166953528399,
        "recent_clean_sheets": 3.87263339070568,
        "opponent_strength": 3.356282271944923,
        "is_home": 3.1497418244406195,
        "recent_penalties_saved": 0.6540447504302926
      }
    },
    "DEF": {
      "goal": {
        "recent_team_xga": 19.377777777777776,
        "recent_influence": 19.022222222222222,
        "selected_by_percent": 12.688888888888888,
        "now_cost": 11.933333333333334,
        "recent_threat": 11.799999999999999,
        "recent_form": 8.71111111111111,
        "recent_goals_conceded": 7.311111111111111,
        "opponent_strength": 3.2444444444444445,
        "is_home": 2.0,
        "recent_clean_sheets": 1.7999999999999998,
        "recent_assists": 1.2222222222222223,
        "recent_goals_scored": 0.8888888888888888
      },
      "assist": {
        "recent_team_xga": 19.362745098039216,
        "recent_influence": 15.240641711229946,
        "recent_threat": 13.034759358288769,
        "now_cost": 11.98752228163993,
        "selected_by_percent": 11.831550802139038,
        "recent_form": 11.43048128342246,
        "recent_goals_conceded": 6.662210338680927,
        "opponent_strength": 2.8297682709447414,
        "recent_assists": 2.5178253119429588,
        "recent_clean_sheets": 2.2058823529411766,
        "is_home": 1.8048128342245988,
        "recent_goals_scored": 1.0918003565062389
      },
      "cleansheet": {
        "recent_team_xga": 28.955555555555556,
        "recent_influence": 12.177777777777777,
        "selected_by_percent": 9.88888888888889,
        "now_cost": 9.555555555555555,
        "recent_goals_conceded": 9.333333333333334,
        "recent_threat": 8.355555555555554,
        "recent_form": 7.000000000000001,
        "opponent_strength": 5.488888888888889,
        "recent_clean_sheets": 4.111111111111112,
        "is_home": 2.6,
        "recent_assists": 1.4444444444444444,
        "recent_goals_scored": 1.0888888888888888
      },
      "legacy": {
        "recent_team_xga": 18.383333333333333,
        "recent_influence": 15.433333333333332,
        "recent_threat": 13.633333333333333,
        "selected_by_percent": 10.983333333333334,
        "recent_form": 10.25,
        "now_cost": 9.85,
        "recent_goals_conceded": 8.366666666666667,
        "opponent_strength": 3.5333333333333337,
        "recent_clean_sheets": 3.1333333333333333,
        "recent_assists": 2.6166666666666667,
        "is_home": 2.1166666666666667,
        "recent_goals_scored": 1.7000000000000002
      }
    },
    "MID": {
      "goal": {
        "recent_team_xg": 12.333333333333334,
        "recent_creativity": 10.022222222222222,
        "recent_expected_assists": 9.133333333333333,
        "selected_by_percent": 9.0,
        "recent_threat": 8.799999999999999,
        "recent_influence": 7.977777777777778,
        "recent_expected_goals": 7.711111111111111,
        "recent_us_npxG_per90": 7.199999999999999,
        "recent_form": 6.377777777777778,
        "recent_us_xA_per90": 5.977777777777778,
        "now_cost": 5.066666666666666,
        "opponent_strength": 2.8666666666666667,
        "recent_clean_sheets": 2.6222222222222222,
        "recent_assists": 2.1333333333333333,
        "is_home": 1.488888888888889,
        "recent_goals_scored": 1.288888888888889
      },
      "assist": {
        "recent_team_xg": 14.295257181028726,
        "recent_influence": 9.908706301491872,
        "recent_creativity": 9.129369850812736,
        "recent_threat": 8.572700957470497,
        "recent_expected_assists": 8.461367178802048,
        "selected_by_percent": 8.439100423068359,
        "recent_expected_goals": 7.659763972389223,
        "now_cost": 7.370296147851257,
        "recent_us_xA_per90": 6.635493208639501,
        "recent_us_npxG_per90": 5.410821643286573,
        "recent_form": 4.742818971275885,
        "opponent_strength": 2.916945001113338,
        "recent_clean_sheets": 2.738810955243821,
        "recent_assists": 1.8258739701625473,
        "is_home": 1.0465375194834112,
        "recent_goals_scored": 0.8461367178802048
      },
      "cleansheet": {
        "recent_team_xg": 20.57777777777778,
        "recent_influence": 8.244444444444445,
        "recent_creativity": 7.977777777777778,
        "recent_threat": 7.533333333333333,
        "now_cost": 7.28888888888889,
        "recent_us_npxG_per90": 6.844444444444445,
        "selected_by_percent": 6.466666666666667,
        "recent_expected_goals": 6.466666666666667,
        "recent_expected_assists": 5.911111111111111,
        "recent_form": 5.488888888888889,
        "recent_us_xA_per90": 4.466666666666667,
        "opponent_strength": 4.222222222222222,
        "recent_clean_sheets": 3.5333333333333337,
        "recent_assists": 2.422222222222222,
        "is_home": 1.7999999999999998,
        "recent_goals_scored": 0.7555555555555555
      },
      "legacy": {
        "recent_expected_assists": 10.366666666666667,
        "recent_team_xg": 10.299999999999999,
        "recent_expected_goals": 10.05,
        "recent_influence": 9.683333333333334,
        "recent_threat": 9.666666666666666,
        "recent_creativity": 9.516666666666666,
        "selected_by_percent": 7.8,
        "recent_form": 5.833333333333333,
        "recent_us_npxG_per90": 5.216666666666667,
        "now_cost": 4.933333333333334,
        "recent_us_xA_per90": 4.366666666666666,
        "recent_clean_sheets": 3.3333333333333335,
        "recent_goals_scored": 2.5166666666666666,
        "recent_assists": 2.4833333333333334,
        "opponent_strength": 2.4,
        "is_home": 1.5333333333333332
      }
    },
    "FWD": {
      "goal": {
        "recent_team_xg": 15.641831238779174,
        "recent_expected_goals": 11.265709156193896,
        "recent_expected_assists": 11.108617594254937,
        "recent_influence": 11.08617594254937,
        "recent_threat": 10.39048473967684,
        "recent_form": 8.370736086175942,
        "selected_by_percent": 8.258527827648116,
        "now_cost": 7.203770197486535,
        "recent_us_npxG_per90": 4.600538599640934,
        "recent_us_xA_per90": 3.254039497307002,
        "opponent_strength": 2.872531418312388,
        "recent_assists": 2.176840215439856,
        "is_home": 2.0870736086175943,
        "recent_goals_scored": 1.6831238779174147
      },
      "assist": {
        "recent_team_xg": 14.918256130790192,
        "recent_influence": 13.215258855585832,
        "recent_threat": 12.715712988192552,
        "recent_expected_goals": 11.580381471389646,
        "recent_expected_assists": 9.900090826521344,
        "recent_form": 8.310626702997276,
        "now_cost": 7.334241598546775,
        "selected_by_percent": 7.084468664850137,
        "recent_us_npxG_per90": 4.518619436875568,
        "recent_us_xA_per90": 2.9518619436875566,
        "opponent_strength": 2.5658492279745686,
        "is_home": 1.8619436875567668,
        "recent_assists": 1.5667574931880108,
        "recent_goals_scored": 1.4759309718437783
      },
      "legacy": {
        "recent_team_xg": 14.238023702219996,
        "recent_expected_goals": 12.568853279919882,