{
  "timestamp": "2026-04-09T18:46:58.823113",
  "models": {
    "GKP": {
      "cleansheet": {
        "recent_team_xga": 31.303370786516854,
        "selected_by_percent": 14.02247191011236,
        "now_cost": 12.314606741573034,
        "recent_saves": 11.52808988764045,
        "recent_form": 10.47191011235955,
        "recent_goals_conceded": 8.044943820224718,
        "opponent_strength": 4.808988764044944,
        "is_home": 3.7977528089887644,
        "recent_clean_sheets": 3.48314606741573,
        "recent_penalties_saved": 0.22471910112359553
      },
      "legacy": {
        "recent_team_xga": 25.79009633260098,
        "recent_form": 15.379415244211595,
        "recent_saves": 14.348487409160047,
        "recent_goals_conceded": 11.576812573939495,
        "selected_by_percent": 11.221902991380766,
        "now_cost": 9.667061010647288,
        "recent_clean_sheets": 4.258914990704749,
        "is_home": 3.4645935440256888,
        "opponent_strength": 3.261788068277843,
        "recent_penalties_saved": 1.0309278350515463
      }
    },
    "DEF": {
      "goal": {
        "recent_team_xga": 21.288888888888888,
        "recent_influence": 18.511111111111113,
        "recent_threat": 12.511111111111111,
        "selected_by_percent": 12.11111111111111,
        "now_cost": 11.288888888888888,
        "recent_form": 8.777777777777777,
        "recent_goals_conceded": 6.955555555555555,
        "opponent_strength": 2.8666666666666667,
        "recent_assists": 2.111111111111111,
        "recent_clean_sheets": 1.5333333333333332,
        "recent_goals_scored": 1.1777777777777778,
        "is_home": 0.8666666666666666
      },
      "assist": {
        "recent_team_xga": 18.8,
        "recent_influence": 15.8,
        "selected_by_percent": 12.755555555555556,
        "recent_threat": 11.844444444444445,
        "recent_form": 11.488888888888889,
        "now_cost": 10.244444444444445,
        "recent_goals_conceded": 7.511111111111111,
        "opponent_strength": 3.644444444444445,
        "recent_assists": 2.688888888888889,
        "is_home": 2.422222222222222,
        "recent_clean_sheets": 2.0,
        "recent_goals_scored": 0.8
      },
      "cleansheet": {
        "recent_team_xga": 27.961769282062683,
        "recent_influence": 12.758390753500779,
        "selected_by_percent": 10.313402978439653,
        "now_cost": 9.557679484329851,
        "recent_threat": 9.17981773727495,
        "recent_goals_conceded": 8.779728828628585,
        "recent_form": 7.823960880195599,
        "opponent_strength": 4.689931095799067,
        "recent_clean_sheets": 3.8230717937319407,
        "is_home": 2.6672593909757727,
        "recent_assists": 1.5781284729939986,
        "recent_goals_scored": 0.866859302067126
      },
      "legacy": {
        "recent_team_xga": 17.975654493913623,
        "recent_influence": 15.441053860263466,
        "recent_threat": 13.723528430882107,
        "selected_by_percent": 10.955477738869435,
        "now_cost": 10.205102551275639,
        "recent_form": 9.538102384525596,
        "recent_goals_conceded": 8.821077205269301,
        "recent_clean_sheets": 3.4183758545939638,
        "opponent_strength": 3.2849758212439553,
        "recent_assists": 2.5679506419876605,
        "is_home": 2.367850591962648,
        "recent_goals_scored": 1.7008504252126064
      }
    },
    "MID": {
      "goal": {
        "recent_team_xg": 13.377777777777776,
        "recent_creativity": 10.266666666666667,
        "recent_expected_goals": 8.71111111111111,
        "selected_by_percent": 8.422222222222222,
        "recent_threat": 8.222222222222223,
        "recent_influence": 8.200000000000001,
        "recent_expected_assists": 8.11111111111111,
        "recent_form": 6.955555555555555,
        "recent_us_npxG_per90": 6.955555555555555,
        "recent_us_xA_per90": 5.688888888888889,
        "now_cost": 4.555555555555555,
        "recent_clean_sheets": 2.888888888888889,
        "opponent_strength": 2.3555555555555556,
        "recent_assists": 2.2888888888888888,
        "is_home": 1.6,
        "recent_goals_scored": 1.4000000000000001
      },
      "assist": {
        "recent_team_xg": 14.609739826551035,
        "recent_influence": 9.80653769179453,
        "recent_creativity": 9.495219034912164,
        "recent_threat": 8.383366688903713,
        "now_cost": 8.22770736046253,
        "recent_expected_assists": 8.02757393818101,
        "recent_expected_goals": 7.983099844340671,
        "selected_by_percent": 7.071380920613743,
        "recent_us_xA_per90": 6.404269513008673,
        "recent_form": 5.492550589281743,
        "recent_us_npxG_per90": 4.780965087836336,
        "recent_clean_sheets": 2.801867911941294,
        "opponent_strength": 2.779630865021125,
        "recent_assists": 1.912386035134534,
        "is_home": 1.200800533689126,
        "recent_goals_scored": 1.0229041583277743
      },
      "cleansheet": {
        "recent_team_xg": 22.22222222222222,
        "recent_creativity": 8.755555555555555,
        "recent_threat": 7.422222222222222,
        "recent_influence": 7.333333333333333,
        "now_cost": 7.2666666666666675,
        "selected_by_percent": 6.822222222222223,
        "recent_expected_goals": 6.666666666666667,
        "recent_us_npxG_per90": 6.466666666666667,
        "recent_expected_assists": 5.888888888888888,
        "recent_us_xA_per90": 5.222222222222222,
        "recent_form": 5.022222222222222,
        "recent_clean_sheets": 3.3777777777777773,
        "opponent_strength": 3.2,
        "is_home": 1.9555555555555555,
        "recent_assists": 1.8888888888888888,
        "recent_goals_scored": 0.4888888888888889
      },
      "legacy": {
        "recent_threat": 10.566666666666666,
        "recent_influence": 10.083333333333332,
        "recent_expected_assists": 9.716666666666667,
        "recent_team_xg": 9.65,
        "recent_expected_goals": 9.533333333333333,
        "recent_creativity": 9.266666666666666,
        "selected_by_percent": 8.083333333333332,
        "recent_form": 7.199999999999999,
        "now_cost": 5.800000000000001,
        "recent_us_npxG_per90": 4.366666666666666,
        "recent_us_xA_per90": 3.4333333333333336,
        "recent_clean_sheets": 3.1333333333333333,
        "recent_assists": 2.8000000000000003,
        "opponent_strength": 2.45,
        "recent_goals_scored": 2.283333333333333,
        "is_home": 1.633333333333333
      }
    },
    "FWD": {
      "goal": {
        "recent_team_xg": 15.517241379310345,
        "recent_expected_assists": 11.32032667876588,
        "recent_expected_goals": 11.002722323049003,
        "recent_influence": 10.639745916515427,
        "recent_threat": 10.549001814882033,
        "recent_form": 8.892921960072595,
        "selected_by_percent": 7.577132486388385,
        "now_cost": 7.055353901996369,
        "recent_us_npxG_per90": 5.648820326678766,
        "opponent_strength": 3.1987295825771325,
        "recent_us_xA_per90": 2.926497277676951,
        "recent_assists": 2.268602540834846,
        "is_home": 2.019056261343013,
        "recent_goals_scored": 1.3838475499092557
      },
      "assist": {
        "recent_team_xg": 13.803956834532375,
        "recent_threat": 12.837230215827338,
        "recent_influence": 11.713129496402876,
        "recent_expected_goals": 10.926258992805755,
        "recent_expected_assists": 10.386690647482014,
        "recent_form": 8.902877697841728,
        "now_cost": 8.20593525179856,
        "selected_by_percent": 6.6996402877697845,
        "recent_us_npxG_per90": 4.608812949640288,
        "recent_us_xA_per90": 3.237410071942446,
        "opponent_strength": 3.0575539568345325,
        "is_home": 2.360611510791367,
        "recent_goals_scored": 1.821043165467626,
        "recent_assists": 1.4388489208633095
      },
      "legacy": {
        "recent_team_xg": 14.091595369904377,
        "recent_expected_goals": 13.15215567857742,