{
  "timestamp": "2026-01-30T18:27:34.968887",
  "models": {
    "GKP": {
      "cleansheet": {
        "recent_team_xga": 26.633840644583707,
        "selected_by_percent": 14.055505819158459,
        "recent_goals_conceded": 12.555953446732318,
        "recent_saves": 12.399283795881827,
        "now_cost": 11.615935541629364,
        "recent_form": 11.078782452999105,
        "recent_clean_sheets": 4.453894359892569,
        "is_home": 4.18531781557744,
        "opponent_strength": 2.2157564905998206,
        "recent_penalties_saved": 0.8057296329453895
      },
      "legacy": {
        "recent_team_xga": 26.88671136324566,
        "recent_form": 15.66099363933299,
        "recent_saves": 13.6324565927454,
        "recent_goals_conceded": 12.429087158329036,
        "selected_by_percent": 11.810211449200619,
        "now_cost": 9.265944645006016,
        "recent_clean_sheets": 4.228984012377515,
        "is_home": 3.472580367887227,
        "opponent_strength": 1.7362901839436136,
        "recent_penalties_saved": 0.8767405879319237
      }
    },
    "DEF": {
      "goal": {
        "recent_team_xga": 19.755555555555556,
        "recent_influence": 17.8,
        "selected_by_percent": 14.71111111111111,
        "recent_threat": 12.933333333333334,
        "now_cost": 10.733333333333334,
        "recent_form": 9.222222222222221,
        "recent_goals_conceded": 7.244444444444445,
        "is_home": 2.2222222222222223,
        "recent_clean_sheets": 1.7999999999999998,
        "recent_assists": 1.7777777777777777,
        "opponent_strength": 1.2,
        "recent_goals_scored": 0.6
      },
      "assist": {
        "recent_team_xga": 20.151245551601424,
        "recent_influence": 15.391459074733097,
        "recent_threat": 13.767793594306049,
        "selected_by_percent": 12.210854092526692,
        "recent_form": 10.965302491103204,
        "now_cost": 10.298042704626335,
        "recent_goals_conceded": 6.828291814946619,
        "recent_assists": 2.9137010676156585,
        "recent_clean_sheets": 2.4021352313167257,
        "opponent_strength": 1.9572953736654803,
        "is_home": 1.9572953736654803,
        "recent_goals_scored": 1.1565836298932384
      },
      "cleansheet": {
        "recent_team_xga": 27.560812318678867,
        "recent_influence": 13.233653202410176,
        "selected_by_percent": 10.08703414416425,
        "recent_threat": 9.975451908056238,
        "now_cost": 9.796920330283418,
        "recent_goals_conceded": 9.774603883061816,
        "recent_form": 8.904262441419327,
        "recent_clean_sheets": 3.124302611024325,
        "is_home": 2.945771033251506,
        "opponent_strength": 2.9011381388083017,
        "recent_assists": 1.0711894666369115,
        "recent_goals_scored": 0.624860522204865
      },
      "legacy": {
        "recent_team_xga": 19.883333333333333,
        "recent_influence": 17.166666666666668,
        "recent_threat": 13.016666666666667,
        "selected_by_percent": 11.466666666666667,
        "recent_form": 9.55,
        "now_cost": 9.233333333333334,
        "recent_goals_conceded": 9.166666666666666,
        "recent_clean_sheets": 2.7666666666666666,
        "recent_assists": 2.2666666666666666,
        "is_home": 2.15,
        "opponent_strength": 2.0666666666666664,
        "recent_goals_scored": 1.2666666666666666
      }
    },
    "MID": {
      "goal": {
        "recent_team_xg": 11.743772241992882,
        "recent_threat": 9.386120996441282,
        "recent_influence": 9.230427046263346,
        "recent_expected_goals": 9.119217081850534,
        "recent_expected_assists": 8.674377224199288,
        "selected_by_percent": 8.540925266903916,
        "recent_creativity": 8.140569395017794,
        "recent_form": 6.650355871886121,
        "recent_us_xA_per90": 5.9386120996441285,
        "now_cost": 5.9163701067615655,
        "recent_us_npxG_per90": 5.7161921708185055,
        "recent_clean_sheets": 2.9137010676156585,
        "recent_assists": 2.557829181494662,
        "recent_goals_scored": 1.9572953736654803,
        "is_home": 1.846085409252669,
        "opponent_strength": 1.6681494661921707
      },
      "assist": {
        "recent_team_xg": 13.059033989266547,
        "recent_threat": 9.861359570661895,
        "recent_creativity": 9.41413237924866,
        "recent_influence": 9.011627906976743,
        "recent_expected_goals": 8.765652951699463,
        "selected_by_percent": 7.960644007155635,
        "now_cost": 7.737030411449015,
        "recent_expected_assists": 7.66994633273703,
        "recent_form": 6.216457960644007,
        "recent_us_xA_per90": 5.858676207513417,
        "recent_us_npxG_per90": 4.941860465116279,
        "recent_clean_sheets": 2.6610017889087656,
        "opponent_strength": 2.12432915921288,
        "recent_assists": 2.12432915921288,
        "recent_goals_scored": 1.3864042933810377,
        "is_home": 1.2075134168157424
      },
      "cleansheet": {
        "recent_team_xg": 18.309232480533925,
        "recent_influence": 9.010011123470523,
        "recent_creativity": 8.32035595105673,
        "recent_threat": 8.097886540600667,
        "now_cost": 7.2747497219132375,
        "recent_expected_assists": 7.2747497219132375,
        "recent_expected_goals": 6.585094549499444,
        "selected_by_percent": 6.4293659621802,
        "recent_us_xA_per90": 6.407119021134594,
        "recent_form": 5.828698553948832,
        "recent_us_npxG_per90": 5.406006674082313,
        "recent_clean_sheets": 4.048943270300334,
        "opponent_strength": 2.2024471635150165,
        "recent_assists": 2.2024471635150165,
        "is_home": 1.8020022246941043,
        "recent_goals_scored": 0.8008898776418243
      },
      "legacy": {
        "recent_influence": 10.85,
        "recent_threat": 10.433333333333334,
        "recent_expected_goals": 10.25,
        "recent_creativity": 10.05,
        "recent_expected_assists": 10.05,
        "recent_team_xg": 10.0,
        "selected_by_percent": 6.933333333333333,
        "recent_form": 6.883333333333333,
        "now_cost": 5.6000000000000005,
        "recent_us_npxG_per90": 4.333333333333334,
        "recent_us_xA_per90": 4.066666666666666,
        "recent_clean_sheets": 3.733333333333334,
        "recent_goals_scored": 2.3166666666666664,
        "recent_assists": 2.1999999999999997,
        "is_home": 1.3666666666666667,
        "opponent_strength": 0.9333333333333335
      }
    },
    "FWD": {
      "goal": {
        "recent_team_xg": 15.703052728954672,
        "recent_influence": 12.187789084181313,
        "recent_expected_assists": 10.545790934320074,
        "recent_form": 10.360777058279371,
        "recent_expected_goals": 10.24514338575393,
        "selected_by_percent": 9.38945420906568,
        "recent_threat": 9.29694727104533,
        "now_cost": 7.886216466234967,
        "recent_us_npxG_per90": 5.111008325624422,
        "recent_us_xA_per90": 2.4283071230342275,
        "recent_goals_scored": 2.1739130434782608,
        "is_home": 2.0582793709528215,
        "opponent_strength": 1.364477335800185,
        "recent_assists": 1.2488436632747455
      },
      "assist": {
        "recent_team_xg": 14.571171980242479,
        "recent_influence": 13.403682083520433,
        "recent_expected_goals": 11.966771441400988,
        "recent_threat": 11.046250561293219,
        "recent_expected_assists": 10.933991917377638,
        "recent_form": 8.756174225415357,
        "selected_by_percent": 8.015267175572518,
        "now_cost": 5.163897620116749,
        "recent_us_npxG_per90": 5.006735518634935,
        "recent_us_xA_per90": 3.816793893129771,
        "is_home": 2.402334979793444,
        "recent_assists": 2.155365963179165,
        "opponent_strength": 1.5716210148181409,
        "recent_goals_scored": 1.1899416255051638
      },
      "legacy": {
        "recent_team_xg": 15.262454028752925,
        "recent_expected_goals": 12.236710130391174,
        "recent_threat": 12.203276496155132,