{
  "timestamp": "2026-01-16T16:35:14.945513",
  "models": {
    "GKP": {
      "cleansheet": {
        "recent_team_xga": 27.09677419354839,
        "selected_by_percent": 14.593993325917687,
        "recent_goals_conceded": 13.236929922135706,
        "recent_saves": 12.391546162402669,
        "now_cost": 12.32480533926585,
        "recent_form": 10.50055617352614,
        "recent_clean_sheets": 3.804226918798665,
        "is_home": 3.737486095661847,
        "opponent_strength": 2.024471635150167,
        "recent_penalties_saved": 0.28921023359288095
      },
      "legacy": {
        "recent_team_xga": 28.522395743950575,
        "recent_form": 14.020937017333104,
        "recent_saves": 13.265831474171957,
        "selected_by_percent": 12.201819117899433,
        "recent_goals_conceded": 11.858589325553458,
        "now_cost": 9.044105028316459,
        "recent_clean_sheets": 5.199931354041531,
        "is_home": 3.3464904753732623,
        "opponent_strength": 1.7847949201990732,
        "recent_penalties_saved": 0.7551055431611464
      }
    },
    "DEF": {
      "goal": {
        "recent_team_xga": 19.91111111111111,
        "recent_influence": 17.355555555555554,
        "recent_threat": 13.600000000000001,
        "selected_by_percent": 13.066666666666665,
        "now_cost": 11.355555555555556,
        "recent_form": 8.688888888888888,
        "recent_goals_conceded": 8.044444444444444,
        "recent_assists": 2.0888888888888886,
        "is_home": 1.866666666666667,
        "recent_clean_sheets": 1.866666666666667,
        "opponent_strength": 1.1555555555555554,
        "recent_goals_scored": 1.0
      },
      "assist": {
        "recent_team_xga": 17.385504668741664,
        "recent_influence": 16.607381058248112,
        "recent_threat": 13.539350822587817,
        "selected_by_percent": 13.072476656291684,
        "recent_form": 11.405068919519787,
        "now_cost": 10.804802134281903,
        "recent_goals_conceded": 7.558915073365941,
        "recent_assists": 2.5344597598932856,
        "is_home": 2.3566029346376167,
        "recent_clean_sheets": 2.334370831480658,
        "opponent_strength": 1.5340151178301467,
        "recent_goals_scored": 0.8670520231213872
      },
      "cleansheet": {
        "recent_team_xga": 29.82417093256176,
        "recent_influence": 12.219007344758513,
        "selected_by_percent": 10.861339862007567,
        "recent_threat": 9.882038726908524,
        "recent_goals_conceded": 9.61495659915424,
        "now_cost": 9.50367237925662,
        "recent_form": 7.745381704874249,
        "recent_clean_sheets": 3.0937013131537947,
        "is_home": 2.7598486534609394,
        "opponent_strength": 2.40373914978856,
        "recent_assists": 1.424438014689517,
        "recent_goals_scored": 0.6677053193857111
      },
      "legacy": {
        "recent_team_xga": 19.633333333333333,
        "recent_influence": 14.783333333333335,
        "recent_threat": 13.766666666666666,
        "selected_by_percent": 11.3,
        "recent_goals_conceded": 10.433333333333334,
        "recent_form": 9.516666666666666,
        "now_cost": 9.4,
        "recent_clean_sheets": 3.55,
        "recent_assists": 2.433333333333333,
        "is_home": 2.216666666666667,
        "opponent_strength": 1.8166666666666669,
        "recent_goals_scored": 1.15
      }
    },
    "MID": {
      "goal": {
        "recent_team_xg": 11.04689931095799,
        "recent_creativity": 10.046677039342077,
        "recent_influence": 9.757723938653035,
        "recent_threat": 8.646365859079795,
        "recent_expected_assists": 8.513002889531007,
        "recent_expected_goals": 8.357412758390753,
        "selected_by_percent": 7.823960880195599,
        "recent_form": 7.090464547677261,
        "recent_us_xA_per90": 6.312513891975994,
        "now_cost": 6.023560791286952,
        "recent_us_npxG_per90": 5.667926205823516,
        "recent_assists": 2.578350744609913,
        "recent_clean_sheets": 2.489442098244054,
        "opponent_strength": 2.222716159146477,
        "is_home": 1.755945765725717,
        "recent_goals_scored": 1.6670371193598579
      },
      "assist": {
        "recent_team_xg": 13.512304250559284,
        "recent_influence": 10.089485458612975,
        "recent_creativity": 10.022371364653244,
        "recent_threat": 9.306487695749441,
        "recent_expected_assists": 7.785234899328859,
        "recent_expected_goals": 7.673378076062639,
        "now_cost": 7.516778523489933,
        "selected_by_percent": 7.248322147651007,
        "recent_us_xA_per90": 6.174496644295302,
        "recent_form": 6.062639821029083,
        "recent_us_npxG_per90": 5.123042505592841,
        "recent_clean_sheets": 2.684563758389262,
        "recent_assists": 2.237136465324385,
        "opponent_strength": 1.7897091722595078,
        "is_home": 1.4093959731543624,
        "recent_goals_scored": 1.3646532438478747
      },
      "cleansheet": {
        "recent_team_xg": 19.42222222222222,
        "recent_threat": 8.066666666666666,
        "recent_influence": 7.9111111111111105,
        "recent_creativity": 7.222222222222221,
        "now_cost": 7.177777777777777,
        "recent_us_npxG_per90": 6.888888888888889,
        "selected_by_percent": 6.577777777777778,
        "recent_form": 6.533333333333332,
        "recent_expected_goals": 6.51111111111111,
        "recent_expected_assists": 6.266666666666667,
        "recent_us_xA_per90": 5.311111111111111,
        "recent_clean_sheets": 4.111111111111112,
        "opponent_strength": 2.822222222222222,
        "recent_assists": 2.2222222222222223,
        "is_home": 2.155555555555556,
        "recent_goals_scored": 0.8
      },
      "legacy": {
        "recent_influence": 10.683333333333334,
        "recent_team_xg": 10.466666666666667,
        "recent_threat": 10.35,
        "recent_creativity": 10.116666666666667,
        "recent_expected_assists": 10.0,
        "recent_expected_goals": 9.0,
        "selected_by_percent": 7.216666666666667,
        "recent_form": 6.65,
        "now_cost": 6.133333333333333,
        "recent_us_xA_per90": 4.216666666666667,
        "recent_us_npxG_per90": 4.15,
        "recent_clean_sheets": 3.283333333333333,
        "recent_assists": 3.033333333333333,
        "recent_goals_scored": 1.9833333333333334,
        "is_home": 1.5666666666666667,
        "opponent_strength": 1.15
      }
    },
    "FWD": {
      "goal": {
        "recent_team_xg": 15.947157348431235,
        "recent_expected_goals": 11.441377683415901,
        "recent_influence": 10.285444680349139,
        "recent_threat": 10.143901863647088,
        "recent_form": 10.120311394196744,
        "selected_by_percent": 9.530549657938193,
        "recent_expected_assists": 9.200283085633403,
        "now_cost": 8.492569002123142,
        "recent_us_npxG_per90": 5.425807973578674,
        "recent_us_xA_per90": 2.712903986789337,
        "recent_goals_scored": 2.2175041283321537,
        "is_home": 2.0995517810804434,
        "recent_assists": 1.2974758197688134,
        "opponent_strength": 1.085161594715735
      },
      "assist": {
        "recent_influence": 14.09080742563185,
        "recent_team_xg": 12.726459405054797,
        "recent_threat": 12.301498546186536,
        "recent_expected_goals": 11.116081413554015,
        "recent_expected_assists": 11.02661596958175,
        "recent_form": 8.588682621337508,
        "selected_by_percent": 7.246700961753523,
        "now_cost": 6.866472824871393,
        "recent_us_npxG_per90": 5.01006486244688,
        "recent_us_xA_per90": 4.137776783717289,
        "is_home": 2.393200626258108,
        "recent_assists": 1.5880116305077165,
        "recent_goals_scored": 1.520912547528517,
        "opponent_strength": 1.3867143815701186
      },
      "legacy": {
        "recent_team_xg": 14.640698455339155,
        "recent_expected_goals": 13.75083948959033,
        "recent_threat": 12.609133646742782,